KD <1mM,SMILES
0,Nc1nnc(C(F)(F)F)[o]1
0,OC[C@H](CNCC1)[C@H]1c1ccccc1
0,CCC(C)[n]1ncc(C(O)=O)c1C
0,NCC1OCCc2c1cc(F)[s]2.Cl
0,CNC(c1ccccc1)=O
0,N[C@H](CCC1)c(cc2)c1cc2F.Cl
0,C(C1)COC1c1nc(cccc2)c2[nH]1
0,CNC(c1ncc[nH]1)c1ccccc1
0,COc(ccnc1)c1C#N
0,N#Cc1c(CN2CCCC2)cccc1
0,CC(CN1c2ccc(CN)cc2)CS1(=O)=O
0,Cc1c(CC(O)=O)[s]c(C2CC2)n1
0,NC(Cc1c[s]c(-c2ccc[o]2)n1)=O
0,Cc1n[o]c(C)c1C(O)=O
0,OC(C(C1)CN1C(C1CCCCC1)=O)=O
0,CC(CC1C(F)(F)F)NC(N(C)N2)=C1C2=O
0,OC(CC1NCCC1)c1ccc[s]1
0,CC(CN)N1CCOCC1
0,C1CC(c2nc(cccc3)c3[o]2)NCC1
0,OC1(Cc2cccc(F)c2)CNCC1
0,CC(C)(C(C1)N)C1(C)OC
0,O=C1NCC(CC2)NC2C1
0,CC(C)c1ncc[n]1CC(O)=O
0,Cc1c(C(Nc2ncccc2)=O)[s]cn1
0,CCN1CCC(CCN)CC1
0,NCc1ccc(CN(CCC2)C2=O)cc1
0,CN(Cc1ncc[s]1)C(C1)C11CCNCC1
0,CC(c1nc(cccc2)c2[n]1C)O
0,O=C1NCCNc2c1cccc2
1,Nc(cc1)ncc1N1CCCCC1
0,NCC(CCCC1)N1C1CC1
0,Nc1n[n](C2CCCCC2)cn1
0,Nc1cnc(C2CC2)nc1
0,O=C(CC1)c(cc(cc2)F)c2NC1=O
0,COCc1c[s]c(C(O)=O)c1
1,COc(c(OC)c1)cc(C=C2)c1NC2=O
0,CC(C)C1OCCCC1C(O)=O
0,NCCc1nnc2[n]1CCCCC2
0,OC(c1cc(F)cnc1)=O
0,NCCc1c[n](CCS2)c2n1
0,O=C1NCc2c1cccn2
0,Fc(cc1NCCOc1c1)c1F
0,NC(C1(CCOCC1)N1CCCC1)=O
0,OCc1c(CCCC2)[n]2nc1
0,CN(C)c(cncc1)c1C#N
0,Cc1nc(C(F)(F)F)c(CO)[s]1.Cl
0,CCC(CC1)(CCC1N)O
0,CC(C)N1CC(CO)CCC1
0,Cc1c(N)[n](Cc(cccc2)c2F)nc1
0,Cc1c(-c2c[nH]cc2C(O)=O)[s]cn1
0,CN(C(C(C1)C(O)=O)c2ccc[s]2)C1=O
0,C[n]1c(-c2ccccc2)nnc1CO
0,C[n]1nc(C(F)F)c2c1[s]c(C(O)=O)c2
0,Cc(cc1)ccc1-c1n[o]c(C(O)=O)c1
0,O=C1NC(Cc2ccccc2)COC1
0,OC(C(C1)c2c1ccc(F)c2)=O
0,N#Cc(cc1)ccc1NCCO
0,CC(c1nc(-c2cccc(F)c2)n[o]1)N.Cl
0,CC(C)[n]1ncc2c1N=CNC2=O
0,CC1OC(COC)CNC1
0,NCc1cccc(-[n]2cncc2)c1.Cl.Cl
0,O=C(CNC1CCCC1)N1CCCC1
0,CP(C)(c1cc(NCCC2)c2cc1)=O
0,CNC1CCN(Cc2ccncc2)CC1
0,O[C@H](C1)C[C@H]1c(cccc1)c1F
0,C(C1OCCC1)Nc1ccncc1
0,O=C1c(ccc(F)c2)c2OC1
0,O=C(N1)N(C=CC=C2)C2=NC1=O
0,NC(CCCN1c2cnccc2)C1=O
0,CN(C)c1cccnc1CN
0,NC(CCN1Cc(cc2)ccc2F)C1=O
0,O=C1NC(C2OCCC2)C11CCC1
0,O=C(COc1ccc2)Nc1c2F
0,OCc1nc(C(F)(F)F)c[s]1
0,CC(c1c[n](C)nc1)NC
0,Fc1cc(C2OCCNC2)ccc1
0,OC1C2(CCCCC2)NCC1
0,CC(COCC1)N1C1CCNCC1
0,C[n]1nc(C(F)F)c(CO)c1
0,O=C(C1)NCCCN1C1CC1
0,C(CNC1)C11COCCC1
0,Cc([o]c(C(O)=O)c1)c1-c1c[s]c(C)n1
0,OC(c1c[nH]c2c1ccc(Cl)c2)=O
0,CC(C1)C2(CCC2)CNC1=O
0,O=S1(C(CCCC2)C2NCC1)=O
0,C(C1)CNCC1c1nnc2[n]1cccc2.Cl.Cl
0,Cc([n](-c(cccc1)c1F)nc1C)c1N
0,OC1CN(Cc(cc2)ccc2F)CCC1.Cl
0,CC(C)(CC1C(O)=O)Oc2c1cccc2
0,CC(c1n[o]c(-c2ccccc2)n1)O
0,Nc1nnc(-c(c(F)ccc2)c2Cl)[s]1
0,NC(Cc(cc1)ccc1Cl)=O
0,CNC(C1Oc(cccc2)c2NC1)=O
0,Cc1c(C(c2ccccc2)O)ccnc1
0,CCc1nc(C)c(CO)[o]1
0,C1Nc(ccnc2)c2NC1
1,Nc1nccc(-c2cnccc2)c1
0,C[C@H](c1cc(C#N)ccc1)O
0,OC(c1n[nH]c(C2CC2)c1)=O
1,CC(C)[n]1c(N)nc2c1cccc2
0,Cc1ncc[n]1-c(cc1)c(CN)cc1F
0,CC(C)(c(ccc(C(O)=O)c1)c1N1)C1=O
0,Cc1c(CC(N)=O)cccc1
0,FC(c1nnc2[n]1CCNC2)F
0,Nc1nnc(Cc(cccc2)c2F)[s]1
0,OCc1cc(F)cc(N2CCOCC2)c1
0,Nc1nc(Cc(cc2)ccc2F)n[o]1
0,Cc1cccc(CCN)n1
0,O=C(C1)Nc(cc2)c1cc2F
0,COc(cccc1)c1-c1nnc[o]1
0,Cc1cc(CC(O)=O)n[o]1
0,Cc1nc(C)n[n]1C1CNCCC1
0,CCN(C(C1)=O)N=C1C(F)(F)F
0,CC[n]1nc(C2CC2)cc1C(O)=O
0,OC(CN(CCN1C2CC2)C1=O)=O
0,COc1cc(C(C2CC2)O)ccc1
0,CC1Nc(cccc2)c2NC1=O
0,OC(CC1OCc2c1ccc(Cl)c2)=O
0,NC(CO)c1ccccc1
0,Cc1c(C(O)=O)[o]c(CC2CC2)n1
0,OCCC(CCCN1)C1=O
0,NC(C1)c(cccc2)c2S1(=O)=O
0,CC[C@@H](CC[C@H](C)N1)C1=O
0,CC[C@H](C[C@@H](C1)C(O)=O)NC1=O
0,C[C@H]([C@@H](c1ccccc1)OC1)NC1=O
0,CC(C(NCC1)=O)N1C(c1ccc[o]1)=O
0,OCc1nc(-c(cc2)ccc2F)n[o]1
0,CCN(CCC(NC1C)=O)C1=O
0,CCCC(N1)=Nc(ccc(F)c2)c2C1=O
0,CC1OCCCN(Cc2ccccc2)C1=O
0,NC(CC1CCCCC1)=O
0,CS(c1cnccc1)(=O)=O
0,OC(c1cccc(C(F)(F)F)n1)=O
0,NC(CCC1)c(cc2)c1cc2F.Cl
0,O[C@@H](CC1)c(cc2)c1cc2Cl
0,Nc1nc(cncc2)c2[s]1
0,OC1(CCC1)c1ccccc1
0,OC(C(CCC1)N1C(c1ccc[s]1)=O)=O
0,NC1CC(C2CC2)OCC1
0,CC(c1cccc(F)c1)N1Cc2ncc[n]2CC1
0,Cc([n](C1CCCC1)nc1)c1C(O)=O
0,CCNS(N1CC(CCC2)N2CC1)(=O)=O
0,C1Cc2cnc(C3CNCCC3)[n]2CC1
0,NC1C(CO)CN(Cc2ccccc2)CC1
0,Cc1cnc(CNC)cc1
0,OC(C(C1)CNc(cc2)c1cc2F)=O
0,C1COc(cccc2)c2NC1
0,CCC(C)(CC1)CCNC1=O
0,Nc1c[n](C(F)F)nc1.Cl
0,CC1CC(C(N)=O)NCC1
0,CN(C=C(C(O)=O)N1)C1=O
0,Nc1cc(COCC2)c2nc1
0,COc(cc(CCNC1)c1c1)c1F
0,Cc1n[n](C(CCN2)C(F)(F)F)c2c1
0,Cc1cc(F)c(C(O)=O)c(F)c1
0,CCc1nc(C)c(C(C)O)[s]1
0,C[n]1nccc1[C@@H]1C[C@H](CC2)N[C@H]2C1
0,NC(C[n]1c(N)c(-c2ccccc2)nc1)=O
0,CC(c1cc(cc(cc2)F)c2[o]1)N.Cl
0,Cc(cc1)cc2c1c(C(O)=O)c[nH]2
0,O=C1N(c(cc2)ccc2F)N=CC1
0,NS(c1c(CCNC2)c2ccc1)(=O)=O
0,Cc1c(CO)ccc(F)c1
0,O=C(CCC1)NC1C(F)(F)F
0,c1cnc[n]1-c1cncnc1
0,CC[n]1nccc1C(O)=O
0,CC(C)C(CC1)CCC1N
0,O=C1NCc(cc2)c1cc2F
0,NS(c(cc1)cc2c1OCCC2)(=O)=O
0,NC(N(CC1)CCN1c(cccc1)c1F)=O
0,Cc(cc1)cc(F)c1C(N)=O
0,Cc1cc(N2CC(F)=CCC2)ncn1
0,Nc1nc(C(F)(F)F)n[s]1
0,OCc1cnc2[n]1cccc2
0,Cc1ncc(C(NC)=O)[s]1
0,Cc1cc(C)c(C(C[n]2cncc2)N)cc1
0,NC(C[n]1ncnc1)c1ccccc1
0,C1NCC1c1nc(cccc2)c2[nH]1
0,OCC(N1)=Nc(cc(C(F)(F)F)cc2)c2C1=O
0,O=S(CC1)(CC1NC1CCCC1)=O.Cl
0,OCCNc(cc1)cc(F)c1F
0,C[n]1c(C(c(cccc2)c2F)N)ncc1
0,Cc1c(N)nn[n]1Cc1cccc(F)c1
0,C1Cc2nnc(C3CCNCC3)[n]2CC1
0,C(C1)NCCN1c1nccc2c1cc[s]2
0,C(CNC1)C1c1ncccc1
0,OCC(c1cccc(Cl)c1Cl)O
0,C[n]1nccc1N(CCC1)CC1N
0,NC(NC1=O)=NC1c1ccccc1
0,FC(c1cnc(C2CCNCC2)[nH]1)(F)F.Cl.Cl
0,C(COCC1)C11COCCNC1
0,C(CNCC1)C11CCOCC1
0,CC(C(NCC1)=O)N1C(c1ccccc1)=O
0,C[n](cc1C(N)=O)nc1N
0,CNC(c1cccc(F)c1)c1ncccc1
0,CNc(cc1)ncc1OC
0,COC1(CC(O)=O)CCC1
0,OCc(cc(cc1)F)c1-[n]1ncnc1
0,CC[C@H](c(cc1)ccc1F)N.Cl
0,COc(cccc1)c1-c1ncccc1N
0,CC(CNc1c2ccc(F)c1)NC2=O
0,OCCOc1cnccc1
0,Cc1ncc(CO)[n]1-c1ccccc1
0,C[n]1nc(C(c(cc2)ccc2Cl)N)cc1
0,COc1cc(C(N)=O)ncc1
0,CC(Cc1ccccc1)(CCN1)C1=O
0,Cc1c(C2NCCNC2=O)ccc(F)c1
0,C[n]1nccc1C(C1)OCCC1N
0,CN(C(CC(O)=O)CC1)C1=O
0,CC[n](c(C1CC1)c1)nc1N
0,CN(CCC1Oc2cccc(F)c2)C1=O
0,NC(N(CCC1)CC1C(O)=O)=O
0,COc1cccc2cccnc12
0,CCc1n[o]cc1C(O)=O
0,Cc1c(N)[n](CCO)nc1C
0,C[n](c(C1CC1)c1)nc1C(O)=O
0,Cc1cc2nnc(N)[n]2cc1
0,O=C(C1CC=CCC1)NCc1c[nH]nn1
0,OC(c1n[o]c(C2CC2)c1)=O
0,O=C1N(CC2CCC2)C=CC=C1C(F)(F)F
0,O=S(C1CCOCC1)(NC1CCCC1)=O
0,CC1(CC=CCC1)C(O)=O
1,NCc(cc1)ccc1-[n]1cncc1
0,CCc1nc(cccc2)c2[n]1CCN
0,CC(c(cc1)cc(Cl)c1OC)O
0,O=S1(NCc2c1ccc(F)c2)=O
0,CCC(N1CC)=NNC1=O
0,OC(c1c[n](CCF)nc1)=O
0,CC[n]1nc(C)c(C(O)=O)c1
0,CC(C)Cc1n[o]c(N)c1
0,CC(C)Nc1ncc[n]1C
0,NC(C[n]1nccc1)c1ccccc1
0,CC(CN1CC(C)OCC1)O
0,CNCc1ncc(C2CC2)[o]1
0,COc1cc(C2(CCC2)O)ccc1
0,Cc1n[o]c(CC(O)=O)c1
0,O=C1NC(Cc2ccccc2)CC1
0,Cc([o]cc1)c1-c1cc(N)n[o]1
0,CC[C@@H](c(cc1)ccc1F)N.Cl
0,C(C1)CNCC11COCCC1
0,OCCN(CCCC1)C1=O
0,CN(C)CC1OCCNC1
0,C(C1)C1[n]1c(ccnc2)c2nc1
0,CC(N1)=NC2(CCCC2)C1=O
0,C[n](cc1C=NN2)nc1C2=O
0,CCC(CN(CC1)S(C)(=O)=O)C1N
0,Nc([nH]nc1C2CC2)c1C#N
0,OCc1nc(Cc(cc2)ccc2F)n[o]1
0,C[n]1ncc2c1CCCNC2=O
0,CCOc(cc1)ncc1C(N)=O
0,NCC(C1)c(cccc2)c2NC1=O
0,O=C1NCCNC1c(cccc1)c1F
0,C1CNc(cncc2)c2NC1
0,Nc1c(C(F)(F)F)[n](-c2ccccc2)nc1.Cl
0,CC(CC(C)CN1)CC1=O
0,COc(nc1C(F)(F)F)ccc1N.Cl
0,CCOc1cncc(CO)c1
0,NC(C(CC1)CN1c1nc(C(F)(F)F)c[s]1)=O
0,CC1N(CCN)CCCC1
0,N#Cc(cc1)cnc1N(C1)CC1C(F)(F)F
0,FC(Oc1cc(N2CCNCC2)ccc1)F
0,Cc1c([C@H]2OCC[C@@H]2CN)c(C)n[n]1C
0,NCCN1Cc2cccc(Cl)c2CC1
0,OC([C@H](C1)C[C@H]1OC(F)F)=O
0,NC1CC2(CCC2)OCC1
0,FC(c1cc(C2OCCNC2)ccc1)(F)F
0,CCC1OCCC1C(O)=O
0,Cc1cccc(F)c1CN
0,C1CNCc2cccnc2C1
0,Oc1nc(C2CC2)ncc1
0,CC(CN(CCC1)C1c1c[n](C)nc1)=C
0,CC(N1Cc(cccc2)c2OCC1)=O
0,Cc1n[o]c(C)c1CNC
0,COCc1cc(C(N)=O)n[o]1
0,C(CNC1)c2c1cn[n]2-c1ccccc1
0,NCc(cc1)ncc1-[n]1cncc1
0,NC(C(CO)CC1)c2c1cccc2
0,Fc1cnc(C2NCCCC2)cc1
0,NS(c1c(C[n]2cncc2)cccc1)(=O)=O
0,OCc1c(CC2CCNCC2)cccc1
0,NS(c1cc(Cl)cnc1)(=O)=O
0,OC(c(cc1)ncc1F)=O
0,Nc1nnc[n]1Cc1ccccc1
0,Nc1nc(C2CCCC2)ncc1
0,CC(C1)(CNC1=O)c1cnccc1
0,CN1C(CCO)CCCC1
0,OC(c1c(C(F)(F)F)cncc1)=O
0,CC(C)N(Cc(cccc1)c1N1)C1=O
0,C(Cc1ccccc1)C1OCCNC1
0,Cc(c(C(O)=O)ccc1)c1N(CCN1)C1=O
0,O=C(CC1)NCCN1C1CC1
0,Cc([nH]c1ccc2)nc1c2C(O)=O
0,NC(C1c2ncc[n]2CCC1)=O
0,NCCc1nc(-c(cc2)ccc2F)c[nH]1.Cl.Cl
0,O=C(CC1)NN=C1C(F)(F)F
0,COC1(CN)CCOCC1
0,CNC(CCC1)c2c1[n](C)nc2
0,NC(NC(C1)COc(cc2)c1cc2F)=O
0,CCC(c(cc1)ncc1F)O
0,Cc(nc(C)nc1N2CCSCC2)c1F
0,Cc([nH]nc1C(O)=O)c1F
0,OC(C1c2ncc[n]2CCC1)=O
0,C(C1)CNC1c1ccc[o]1
0,CN(C)c(cc1)ncc1N
0,OC(C(C1)CC11CCCCC1)=O
0,CC(C)(c(cccc1)c1OC)O
0,CC(C)(C1)NCCNC1=O
0,OCc1c(CCC2)[n]2nc1
0,Cc1n[n]2c(C(F)(F)F)ccnc2c1
0,COc1c(C2NCCC2)cccc1
0,OCCN1CCCCCC1
0,C[n]1c(CC2CNCCC2)ncc1
0,C(COC1)C11NCCOC1
0,C[C@H](C[C@@H](C1)C(O)=O)NC1=O.Cl
0,N[C@@H](CC1)[C@@H](c2ccccc2)NC1=O
0,NC[C@@]12N(Cc3ccccc3)CC[C@@H]1C2.Cl.Cl
0,FC(Oc1ccc(C2OCCNC2)cc1)F
0,FC(c1n[nH]c2c1cncc2)(F)F
0,N[C@@H]([C@H](C1)O)c2c1cccc2
0,CCc1nc(C)c(C(O)=O)[s]1
0,C(CC1)Cc2c1[s]c(C1CNCCC1)n2
0,CC(CO)(CC1)CNC1=O
0,NCC1N(CC(F)F)CCC1
0,CN(C(CC1)=O)c2c1ccc(F)c2
0,Cc1cccc2c1cc(CO)[nH]2
0,CN(CCC1CO)C1c(cc1)ccc1OC
0,O=C(C1)NCC1C1NCCCC1
0,CC(CC1)=CCC1C(O)=O
0,CC(c1c(C)[n](C)nc1)N
0,C1CC(c2c[nH]nc2)NCC1
0,COCC[n]1ncc(N)c1
0,CNC(c1c[n](C)nc1)c1cccc(F)c1
0,CN1CC(C(c(cc2)ccc2Cl)N)OCC1
0,NCc1nc(cc(cc2)F)c2[nH]1.Cl.Cl
0,OC(C(C1)(CC1(F)F)c1ccccc1)=O
0,CCC(CCC1)C1C(O)=O
0,Fc(cc1)ccc1-c1n[nH]cc1
1,CC(c1cccc(N(CCN2)C2=O)c1)N.Cl
0,OC(Cc(cc1)cc(F)c1Cl)=O
0,OCc(cc1Cl)c[n]2c1ncc2
0,Nc1cc(C2OCCC2)n[o]1
0,OC1(CCNCC1)C1CC1
0,O=S1(C2(CCCCC2)CNCC1)=O
0,NCC(c(cccc1)c1F)N1CCOCC1
0,NC1C[n]2ncnc2CC1
0,OC(c1cc(C2CC2)n[o]1)=O
0,OCC(CCC1)CC1(F)F
0,OC(C(CCN1)(C2CCCC2)C1=O)=O
0,NS(c1c[n](CC(F)F)nc1)(=O)=O
0,CN(c1c2cccc1)NC2=O
0,C[n]1nccc1C(c1ccccc1)O
0,CC(N1c2ccc(C)cc2)=CNC1=O
0,O=C1N(CCCC2)C2=NN1
0,CN(C)c1nccc(C#N)c1
0,Nc1nnc(CC2CCCC2)[o]1
0,CC(c1c2)NCCc1cc(OC)c2OC
0,COC(CC1)CCN1C(CCCC1)C1N
0,OC(CC1)(Cc2c1cccc2)C(O)=O
0,CNCc(cc1)cc(Cl)c1OC
0,Cc1n[o]c(C2CC2)c1C(O)=O
0,OCc1nnc2[n]1CCCC2
0,Cc([o]nc1OC(F)F)c1N
0,CS(c1ccc(CO)[s]1)(=O)=O
0,NCC1CN(Cc2cccnc2)CCC1
0,CC(c1c(C)nccc1)O
0,OC1(CNCC1)C(F)(F)F.Cl
0,Cc([nH]c1ccc2)nc1c2F
0,Fc1cncc(N2CCNCCC2)c1
0,C[n]1nc(-c2ccccc2)nc1CC#N
0,OCc1cnc(C(F)(F)F)[o]1
0,C[n]1nccc1C1NCCOC1
0,CC(c1c(C)nc(C)[s]1)N
0,O=C(Cc(cccc1)c1F)N1CCNCC1
0,C[C@H](CN1CCNCC1)O
0,O=C(CC1Cc(cc2)ccc2F)NC1=O
0,OC(c1cc(C(F)(F)F)ncc1)=O
0,NCc(cc1)cc(F)c1-[n]1cncc1
0,O=C(C=C(C1CC1)N1)NC1=O
0,C[n]1ncc(CC2)c1CC2C(O)=O
0,Cc1nc(-c2ccc(CC(O)=O)cc2)c[s]1
0,Cc1cc(C#N)cc(OC)n1
0,OC(c1cc(C2COCCC2)ccc1)=O
0,Cc1c[n](CCNC2)c2n1.Cl.Cl
0,O=C(CCc1ccccc1)N1CCNCC1
0,CC(C1CC1)[n]1nccc1N.Cl
0,C[n]1nccc1C(C1CCNCC1)O
0,Clc1c[n](C2CNCC2)nc1
0,C(CNCC1)C1c1c[s]cn1
0,OC(c1cc(ccc(Cl)c2)c2[nH]1)=O
0,Cc(nc(cc1)-c2ccc[o]2)c1C(O)=O
0,NC(c1c[nH]c(C2CC2)n1)=O
0,Cc1c(C2NCCC2)c(C)n[n]1C
0,C[n]1c(C(N(C)C(N2C)=O)=O)c2nc1
0,Cc1ccnc(N2)c1NC2=O
0,CS(c(ccc(C#N)c1)c1F)(=O)=O
0,COCc1cc(C#N)ccc1
0,NC(C(CC1)CCC1(F)F)=O
0,CC[n]1c(C(C2CCOCC2)N)ncc1
0,CNC(c(cc1)cc2c1[nH]nn2)=O
0,CC(c(ccnc1)c1OC)N
0,CCN(CCC(NC12CCCC1)=O)C2=O
0,N[C@H](C1)C[C@@H]1c1cc(F)cc(F)c1.Cl
0,C[n]1c(NCCO)nc2c1cccc2
0,Cc1cc(-c2cc(N)n[o]2)cnc1
1,Nc1ccc(C2CC2)nn1
0,C(c1c[s]cn1)N1CCNCC1
0,CCC(C(N(C)CC1)=O)NC1=O
0,NCc1nnc(CC2)[n]1CC2C(F)(F)F
0,CC1(C)Oc(ccc(C#N)c2)c2NC1=O
0,CN(C)c1ncc(CN)[n]1C
0,NCCOc(cc1)cc(CC2)c1NC2=O
0,OC(CC1OCCc2c1[s]cc2)=O
0,NS(c1cc2cc(F)ccc2nc1)(=O)=O
0,C(COCC1)C1N1CCNCC1
0,OCCc1c[n](cccc2)c2n1
0,OC(c1cc(C2CC2)ncc1)=O
0,O=C1NCCCc2c1cn[nH]2
0,O=C1N(CCNC2)C2=NN1
0,Cc1n[o]cc1CC(O)=O
0,Cc1nc(-c2ccccc2)nc(N)c1
1,Cc1n[s]c(N=CN2)c1C2=O
0,OC(CC1=CCOCC1)=O
0,CC1(C)NCCN(CCOC)C1
0,COc(cccc1)c1-c1n[o]c(N)c1
0,CC[n]1ncc(C2OCCNC2)c1
0,CCc1c(C(O)=O)nc[o]1
0,O=C(c(cc(cc1)F)c1N1)C1=O
0,CC(C)c1n[n](C)cc1C#N
0,NC1CCN(Cc2ccc[s]2)CC1
0,OC(C(C1)CC11CCOCC1)=O
0,N#Cc1cc(F)c(CNC2CC2)cc1.Cl
0,CC(C)(CCC1)C1C(O)=O
0,Cc(nccc1)c1OC1CNCC1.Cl.Cl
0,OC(C1)(Cc2c1cccc2)C(O)=O
0,Nc1nc(CC2CC2)n[s]1
0,OC(CCOC1)C1OCC1CC1
0,CCc1c[s]c(-c2c[nH]cn2)n1
0,Nc1ncnc2c1CCCC2
0,C[n](cc1)c(C2CCC2)c1C(O)=O
0,CC(C)[n]1ncc(CN2CCNCCC2)c1
0,CS(c1ccc(CC(O)=O)cc1)=O
0,CC(C)Cc1n[nH]c(N)c1
0,C(C1)COC2C1CNCC2
0,COc1ncccc1CCN
0,O=S(c1ccccc1)(NC1CNCCC1)=O
0,CNCCN1CCOCC1
0,CC1N(CCN)CCOC1
0,C[n]1c(C(C2CC2)N)ncc1
0,Cc1ccc(C(CN)O)[o]1
1,CN([C@@H]([C@@H](CN)C1)c2ccccc2)C1=O
0,FC(c1ccc(C2OCCNC2)cc1)(F)F
0,COCC1CNCCCC1
0,C[n]1c(-c(cccc2)c2Cl)nnc1
0,Nc([o]nc1)c1-c(cccc1)c1F
0,Cc1cccc(-c2nnc(CO)[o]2)c1
0,Fc(cc1)cnc1NC1CCOCC1
0,OC(CN(CCC1)C1=O)=O
0,OC(CC1)(CCC1C(F)(F)F)C(O)=O
0,CC(C)Cc1nnc2[n]1CCNC2
0,COc(cc1)c(C(CN)O)cc1Cl
0,Nc1ccn[n]1-c1cccc(F)c1
0,CCOC(C1)CC1C(O)=O
0,C[n]1ncc2c1ccc(CC(O)=O)c2
0,C[n]1nc(C2CCC2)c(C(O)=O)c1
0,NC(CCC1)C11CCOCC1
0,O=C1NCCCC1C1CCCCC1
0,CN(C)C1(CN)CCOCC1
0,Cc1ncc[n]1Cc1cccc(C#N)c1
0,OC(C(CCC1)c2c1[nH]nc2)=O
0,NC(c1cnc(C(F)(F)F)nc1)=O
0,OC(c1ncc(C(F)(F)F)cc1)=O
0,N#Cc(cc1)cc(F)c1N1CCNCC1
0,OCC1(CCNCC1)c1ccccc1
0,CC1CC(CC(O)=O)CC1
0,COc1cccc2c1CNC2=O
0,CS(c1c(CC(O)=O)cccc1)=O
0,OC(C1C=CC=CC=C1)=O
0,Nc1n[o]c(Cc2ccccc2)n1
0,C(COC1)Nc2c1cccc2
0,Cc1cc(C2NCCC2)n[o]1
0,CC1N(Cc2ccccc2)CCCC1O
0,Nc1n[o]cc1-c(cccc1)c1F
0,O=S(c(ccc(F)c1)c1Cl)(NC1CC1)=O
0,NCc1cc(F)c(CO)cc1.Cl
0,CC(C)c(cc1)ncc1C#N
0,FC(c1n[n](C2CCNCC2)cc1)(F)F
0,NC(CCN1c(cccc2)c2F)C1=O
0,CN(CCNC1)C1c1ncc[nH]1
0,CN1[C@H](CNC2)[C@H]2OCC1
0,CC1OC2(CCOCC2)CNC1
0,Nc1nnc(Cc2ccccc2)[s]1.Cl
0,Cc(cncc1)c1OC1CCNCC1
0,Cc1c[n](CC2CCNCC2)nc1
0,CC(CN1CCOCC1)N
0,OCc1nc(Cc2cccc(F)c2)n[o]1
0,OC(c1n[n](CCCC2)c2c1)=O
0,C(C1)C1c1n[nH]c(N2CCNCC2)c1
0,Cc([nH]nc1C(F)(F)F)c1Cl
0,COCC1(CCNCC1)O
0,Cc(cc1)ccc1N(CCNC1)C1=O
0,C[n]1ncc(CN2CCNCC2)c1
0,NCC(CC1)C[n]2c1ncc2
0,CC(C)c(nc1)nc(C(N)=O)c1Cl
0,OCC1c2ncccc2CCC1
0,CN(c(cccc1)c1N1CC(O)=O)C1=O
0,C(CNC1)C1Nc1ccccc1
0,CC(c1c[n](C2CCCC2)nc1)O
0,NS(c1ncc(C(F)(F)F)cc1)(=O)=O
0,OC(c1c(C(F)(F)F)cccn1)=O
0,OCC#Cc1cccc(F)c1F
0,CNc1nc(cccc2)c2[nH]1
0,OC(C(CC1)Cc2c1[nH]nc2)=O
0,OCc1c(-[n]2nccc2)nccc1
0,CCC1OCCCC1C(O)=O
0,OCC1(Cc2ccccc2)CNCCC1
0,COc(cc1)cc(OCCN2)c1C2=O
0,CN1c(cccc2)c2NCC1=O
0,NC(CCN1c(cc2)ccc2F)C1=O
0,Cc1c(CCN)[s]c(C)n1
0,Cc1cnc(-c2c(N)[n](C)nc2)[o]1
0,Cc1c(C)[o]c(CN2CCC(CN)CC2)n1
0,CC[n]1nc(C)c(CN)c1C
0,C[n]1c(CN(C2)[C@H](CN)C[C@@H]2F)ncc1
0,Cc1cncc(NCc2ccncc2)c1
0,OC[C@@H](CC1)N[C@@H]1C(F)(F)F
0,Cc1nc(C(CCC2)C(NC)=O)c2[s]1
0,C[C@H](c1ccccc1)N(CC1)CC1(CO)F
0,CC1Nc(nccc2)c2NC1=O
0,Cc1n[o]c(C)c1COC1CNCC1
0,OC(c1c(C2CC2)[nH]c(C2CC2)c1)=O
0,CC(C)C(CCCC1)C1O
0,Fc1cc(NC2CCOCC2)ccc1
0,Cc1c(CCN)cncc1
0,CC1N(Cc2ccccc2)CC(CO)OC1
0,OC(CC1OCCCC1)=O
0,COc(ccc(CC(O)=O)c1)c1F
0,CN(C1)c(nccc2)c2NC1=O
0,NS(c1cccc2ncccc12)(=O)=O
0,C1Nc2cccnc2NC1
0,O=S(c(cc1)ccc1F)(NC1CC1)=O
0,OC(C(C1)C11COCC1)=O
1,C[n]1c(C(NCC2)=O)c2cc1
0,OC(c([nH]c1ccc2)cc1c2Cl)=O
0,CN(C=CC(C(O)=O)=C1)C1=O
0,CC(c(cc1)cc(F)c1-[n]1ncc(C)c1)N.Cl
0,Oc1nccc(C(F)(F)F)n1
0,NC(c1c(CCCN2)c2ccc1)=O
0,C(C1)CNCC1c1nnc2[n]1CCCCC2
0,Cc1cccc(C(N2CCNCCC2)=O)c1
0,CC[n]1nc(CO)c(C)n1
0,OC(C(CCC1)CC1(F)F)=O
0,COc1cc(F)c(CN)cc1.Cl
0,CC1(C)C(c2cccnc2)NC1
1,CC(CNc(cccc1)c1N1C)C1=O
0,NC[C@@H](CCC12CCOCC1)[C@@H]2O.Cl
0,CCC(C)[n]1nc(C(O)=O)c(Cl)c1
0,NC(C1OCCC1)C1(CO)CCC1
0,OCCN(c1c(CN2)cccc1)C2=O
0,Cc1ncc(C2CCNCC2)cc1
0,O=C1NCC(CCC2)N2C1
0,CNCc(cc1)ccc1OC.Cl
0,CC(c(cccc1)c1N1CCOCC1)N
0,Cc1c(CO)c(C)n[n]1C(F)F
0,C1C[n]2c(C3CNCCC3)nnc2C1
0,NC(CC1)CCN1C1CC1
0,O=C(c1cccc(F)c1)N1CCNCC1.Cl
0,CC(c1cccc(OC)c1)N1CCNCC1
0,OC(c1c(CCCC2)c2n[o]1)=O
0,C(C1COCC1)OC1CCNCC1
0,CC(C1OCCN(C)C1)N
0,CNC(N1)=Cc(cccc2)c2C1=O
0,NC(C(CC1=O)CN1c(cccc1)c1F)=O
0,CN(C)c1nccc(CN)c1
0,CC(CC1)CCC1(CC(N1)=O)C1=O
0,CCNc1ccc(C)nn1
0,OC(c1c(COCC2)c2ccc1)=O
0,CCc([nH]nc1)c1C(O)=O
0,OC(c1cc(cc(cc2)F)c2[nH]1)=O
0,OCc(cc1)ccc1-c1c[nH]cn1
0,CC(CC[n]1nc2)Cc1c2C(O)=O
0,CC(C)(CC1)OC1C(O)=O
0,CC(c(cc1)ccc1N1CCOCC1)N
0,CC[C@@H](CC[C@@H](C)N1)C1=O
0,Nc1ccn[n]1CC1COCC1
0,NCC(CC1)CCN1C1CCOCC1
0,CC(Cc1cccc(F)c1)O
0,OCc(cccc1)c1NC(C1CC1)=O
0,Nc1cc(-c(cccc2)c2F)n[o]1
0,CC(c1cccc(N(CCC2)C2=O)c1)N
0,CNC(c(cc1)ccc1F)c1cnccc1
0,CCC(CC1)CCNC1=O
0,CN(C(CC1)C(O)=O)C1=O
0,C(c1n[o]cc1)N1CCNCC1
0,CCc1ccc(C2NCCNC2)cc1
0,CC(C1CCN(C)CC1)N
0,CCc1nc(C)c(C(O)=O)[o]1
0,CC1(C)OC(COc2ccccc2)CNC1
0,CC1(C)NC(C)(C)CNC1
0,CC(C)c1ncc(CNC)cn1
0,C[n]1nc(-c2ccccc2)nc1N
0,OC(CC1COCCC1)=O
0,Cc1c(CN2CCNCC2)c(C)n[n]1C
0,CN(CC[C@@H]1CN)[C@@H]1c1cccnc1
0,CNC(CCCCN1)C1=O
0,Cc1nc(CO)c2[n]1cccc2
0,C[n]1nc(-c2ccc[s]2)nc1N
0,CC(c1cc(F)cnc1)N
0,OC(c1c(C2CC2)[o]nc1)=O
0,C[n]1nccc1CN(C1)[C@H](CN)C[C@@H]1F
0,Cc1nc(C(c(cccc2)c2F)N)n[o]1.Cl
0,CNC1CCC(CO)CC1
1,COc1cccc(N2)c1CCCC2=O
0,OC1c(cc(cc2)F)c2NCCC1
0,OC(c1c(C2CC2)[o]cc1)=O
0,NCCc1c[s]c(N2CCCC2)n1
0,Cc1n[nH]c(N)c1-c1cc(C)ccc1
0,OCC(C1)(CNC1=O)c1ncccc1
0,OC(CCCC1)C1c1cncnc1
0,Cc1cccc2c1[o]cc2C(O)=O
0,OCc1cc(cncc2)c2[o]1
0,Nc1ccn[n]1CC1CC1
0,C[n]1nccc1C1=CC(CC2)NC2C1
0,NCc1n[o]c(-c(ccc(Cl)c2)c2F)n1.Cl
1,CC1(C)N(CCN)CCC1
0,COc(cc(CC(O)=O)cc1)c1Cl
0,C[n]1c(C(C2)OCCC2N)ncc1
0,OCc1cc(Cl)c2OCCCOc2c1
0,NC1=CC=C(C(F)(F)F)NC1=O.Cl
0,NCCCN1N=C(CCCC2)N2C1=O
0,CNC(c(cc1)ccc1S(N)(=O)=O)=O
0,OCC(CC1)c2c1cccc2
0,O=C1NCCCC1C(F)(F)F
0,OCc(nc1)cc2c1OCCC2
0,CNC1(CO)CCOCC1
0,NCc1nccc(C(F)(F)F)n1.Cl
0,CC(CCCN1)(C(O)=O)C1=O
0,OC(CC(CCCCN1)C1=O)=O
0,C[n]1c(C(c(cccc2)c2OC)N)ncc1
0,Cc1ccc(CN(CCCN2)C2=O)cc1
0,Nc1nccc(C(F)(F)F)c1
0,NCc1c(C(F)(F)F)cncc1.Cl.Cl
0,NC(c(cc1)ccc1OC(F)F)=O
0,CC(CNC(C1)=O)CN1C1CC1
0,CC(C)(c1nc(cccc2)c2[nH]1)O
0,Cc1nc(CC(CC2)O)c2[nH]1
0,OCc(cc1)ccc1-[n]1nccc1
0,Cc1c[s]c(N2CCNCCC2)n1
0,N#Cc1ccc(C[n]2ncnc2)cc1
0,OC(C1CCNCC1)c(cc1)ccc1Cl
0,O=C(C1)Nc(cccc2)c2N=C1C(F)(F)F
0,OCC(Cc1ccc2)CNc1c2F
0,C[n]1ncc(-c2n[n](C)c(N)c2)c1
0,CNCC(N1)=Nc(cccc2)c2C1=O.Cl
0,Nc1cc(CCc2ccc[o]2)n[o]1
0,Cc1cnc(C2CCNCC2)[s]1
0,CCN(CCNC1C)C1=O
0,CCN1C(CN)CCCC1
0,C(C1OCCC1)OC1CCNCC1
0,CC1(C(O)=O)OCCCC1
0,NCC(C1)c(cccc2)c2S1(=O)=O
0,CC[n]1ncc(CCO)c1
0,CC(C)c1nccc(O)n1
0,Cc1n[s]c(CC(O)=O)c1
0,CCc1nc(C(O)=O)c[o]1
0,O=C(CC1(C2)Cc3c2cccc3)NC1=O
0,NC[C@@H]1[C@@H](c(cc2)ccc2F)OCC1.Cl
0,NC(c1c(CC(O)=O)cccc1)=O
0,OCC1(CCOCC1)c1ccccc1
0,Cc1c(CC(O)=O)cc[s]1
0,C[n]1ncc(-c2c[s]c(N)n2)c1
0,Nc1nnc(-c(cc2)ccc2F)[nH]1
0,NCCOc1cccc(F)c1.Cl
0,CNc1nc(C(F)(F)F)c[o]1
0,CC1=NC(C)=C(C)NC1=O
0,C1CC(c2n[nH]cc2)NCC1
0,NC(C1)CC1c(cc1)ccc1F.Cl
0,OC(C(CC1=O)CN1c1ccccc1)=O
0,NC(C1)C(CCCC2)N2C1=O
0,Cc1cccc(C(c2c[nH]cn2)O)c1C
0,NC(C1)CC1c(cccc1)c1F.Cl
0,Cc([n](C)nc1)c1C(O)=O
0,NC1c2cccc(F)c2CC1.Cl
0,C(C1NCCCC1)[n]1nncc1
0,NC(C1Oc(cccc2)c2OC1)=O
0,Cc(cccc1)c1-c1n[n](C)c(N)c1
0,O=C1NC=C(C(F)(F)F)C=C1
0,COc1ccc(CC(C2)NC2=O)cc1
0,OC(c1ccc(C[n]2ncc(Cl)c2)[o]1)=O
0,CNc1c2[s]ccc2ncn1
0,CN(CC1)CCN1C(C1OCCC1)=O
0,O=C(C1)Nc2c1ccc(Cl)c2
0,O=C1Oc(ccc(F)c2)c2N1
0,Cc([n](C1COCC1)nc1)c1N
0,NC(C1OCCN(Cc2ccccc2)C1)=O
0,CC(c(cc1)ncc1N(C)C)O
0,CNC(CCCC1)C1S(C)(=O)=O
0,Cc1ncc(CC(CC2)N)c2n1
0,C[n](c1ccc2)c(N)nc1c2OC
0,NS(c(cccc1)c1F)(=O)=O
0,C[n]1nc(C(O)=O)c(Cl)c1
0,Nc1n[n](CC(F)F)cc1
0,O=C(c1ccccc1)NCC1NCCCC1
0,NC(c(cc1)ncc1OC(F)F)=O
0,Fc1c2OCCNCc2ccc1.Cl
0,O=S(c1cc(F)ccc1)(N1CCNCC1)=O
0,C[n]1ncc(C(O)=O)c1Cc1ccccc1
0,CNc(cc1)ccc1S(C)(=O)=O
0,OC(C(C=C(C1CC1)N1)=CC1=O)=O
0,NCC1OCC(CCCC2)N2C1
0,Cc1c[n](cccn2)c2n1
0,Cc1c[s]c(C(O)=O)c1OC
0,COc(ccc(CC(N)=O)c1)c1F
0,COCC(CC1)CCC1N
0,NCc1cc(F)cc(F)c1
0,NC(c(ccnc1)c1F)=O
0,OC(C(CC=CC1)C1C(NC1CC1)=O)=O
0,Nc1cc(C2CCCC2)n[o]1
0,OC(C(C1)C11CCCC1)=O
0,Nc1nnc(-c(c(F)ccc2)c2Cl)[o]1
0,OC(CC1)Cc2c1cn[nH]2
0,CNc1nccc(OC)c1
0,CS(c(cc1)ccc1C(N)=O)(=O)=O
0,Cc1n[n](Cc2ncccc2)c(N)c1
0,Cc(ccc(C(N1CCNCC1)=O)c1)c1F.Cl
0,Cc([o]cc1)c1-c1nnc(N)[o]1
0,Cc1nc(ccc(CO)c2)c2[s]1
0,O=S(c(cccc1)c1F)(Nc1c[nH]nc1)=O
0,OCc1c[n](cc(cc2Cl)Cl)c2n1
0,O=C1NCC[n]2nccc12
0,FC(c1cnc(C2CNCCC2)[nH]1)(F)F
0,C[n]1c(-c(cc2)ccc2F)nnc1CO
0,COC1(CCOCC1)C#N
0,OC(c1n[n](C2CCCCC2)cc1)=O
0,NS(c(cc1)cc(CCC2)c1NC2=O)(=O)=O
0,CC1N(CCO)CCNC1
0,Nc1nnc(Cc(cccc2)c2F)[o]1
0,CCC(CNC1)OC11COCCC1
0,OCC(C1)c(cccc2)c2S1(=O)=O
0,C[n]1nc(C(F)F)c(C(N)=O)c1
0,C[n]1ncc(N2CC(CO)CC2)c1
0,Cc1c2[o]c(C3CCNCC3)nc2ccc1
0,CC(c(cc1)ccc1OC)NC
0,OCC1(CNCC1)c1ccccc1
0,CC(C1)OCCC1C(O)=O
0,Fc1ccc(C2NCCc3c2nc[nH]3)cc1
0,C[n]1c(C2CNCCC2)ncc1
0,OCC(C1)CN(Cc2ccccc2)C1=O
0,CC(C)c1c(C(O)=O)c(C)n[nH]1
0,N#CC1=CC(COCC2)=C2NC1=O
0,C[n]1cc([C@@H](C2)[C@H]2C(O)=O)cc1
0,Nc1cccc(C(F)(F)F)n1
1,Oc1c(cccc2F)c2ncc1
0,CCc1nc(C(C)N)c[s]1
0,OC(c(cc1)cc(CCC2)c1NC2=O)=O
0,CC(C)CC1(CN)CCC1
0,OC(C1(CC1)Oc(cccc1)c1F)=O
0,C1OC2(CNCCC2)c2c1cccc2
0,FC(c1nc(C2CCNCC2)ncc1)(F)F
0,CC(C)c([nH]nc1)c1C(O)=O
0,COc1cc(C(CO)O)ccc1
0,O=S(c1ccccc1)(N1CCNCC1)=O
0,OC(c([nH]nc1C2CC2)c1Cl)=O
0,O=C1NCCOc2c1cccc2
0,CN(C=C(C(O)=O)C1=C2CCCC1)C2=O
0,Cc(cc1N)n[n]1-c(cc1)ccc1F
0,Cc([n](C1CCCCC1)nc1C)c1N
0,NC(C(CC1)Nc2c1cccc2)=O
0,C1c(cccc2)c2NCC1[n]1nccc1
0,O=S(c1c[nH]nc1)(N1CCCCC1)=O
0,OC(CC1)c2c1ccc(F)c2
0,C[n]1ncc(C(C=C2)=NNC2=O)c1
0,CC(C)N(CC1C)CC1N
0,C[n]1ncc2c1NC=CC2=O
0,OCc(cc1)n[n]1-c(cccc1)c1F
0,CC(C)NC1CCOCC1
0,OC(CC1)CCN1c(cc1)ncc1Cl
0,O=S1CC(c2ccccc2)NCC1
0,CC(C[n]1c(C)ncc1)O
0,Cc(cc1)cc(F)c1S(N)(=O)=O
0,C[n]1nc(CCCC2C(O)=O)c2c1
0,Nc1nc(-c2cccc(F)c2)n[o]1
1,CNc1cnnc2ccccc12
0,OC(c1cc([nH]cc2)c2cc1)=O
0,OC(CC(CC1)CNC1=O)=O
0,CC(c1nc(C(O)=O)ccc1)(F)F
0,NS(c1c[n](CCCC2)c2n1)(=O)=O
0,O=C(c(cc(cc1)Cl)c1F)N1CCNCC1.Cl
0,OC(CC(c1c2cccc1)NC2=O)=O
0,Cc1nc(CCCC2O)c2[s]1
0,COc(ccc(Cl)c1)c1C(O)=O
0,Fc1cc(-c2n[nH]nn2)ccc1
0,CC(C1)Nc2c1cncc2
0,OCCN(CC1)Cc2c1cccc2
0,OC(CN(C(CC1)=O)c2c1cccc2)=O
0,OC(C12OCCCC1C2(F)F)=O
0,OCc1ncn[n]1CC(F)F
0,CC(C)[n]1c(CN2CCNCCC2)ncc1
0,OC(c1c(C2CC2)nccc1)=O
0,Cc(cc(cc1)-c2nnn[nH]2)c1F
0,CC(C)(CCC1)C1(CN)O
0,N#Cc(cc1)cc(C[n]2cncc2)c1F
0,Nc1ccn[n]1Cc(cccc1)c1F.Cl
0,NC(N(CC1)CCC1C(O)=O)=O
0,Cc1ncc(CC(O)=O)[s]1
0,NCC(CCCC1)C1(F)F.Cl
0,Cc1cc2nc(C(O)=O)c[n]2cc1
0,O=C1NN=C(C2CC2)C=C1C(F)(F)F
0,NC(CC1NCCCC1)=O
0,NCCOc(cccc1)c1F.Cl
0,CC(C)(CCCC1)C1C(O)=O
0,C[n]1c(cc(cc2)F)c2nc1CCN.Cl.Cl
0,OC(C(CCC1)c2c1[nH]cn2)=O
0,NC(CCC1)c(cccc2)c2S1(=O)=O
0,Nc1n[n](CCCC2)c2c1
0,CC(c(cc1)ccc1-[n]1ncnc1)N
0,C[n](c(OC(F)F)c1)nc1N
0,OCCOC1CCNCC1
0,Cc1c([C@H]2OCC[C@@H]2N)cn[n]1C.Cl.Cl
0,OC(CN(c1c(CCC2)[s]cc1)C2=O)=O
0,NCc1n[o]c(C(F)(F)F)n1.Cl
0,Nc1nnc(C(F)F)[s]1
0,OC(C1)CNc2c1cccc2
0,OC(Cc1n[nH]c2c1CCCC2)=O
0,NC(Cc1cccc(C(F)(F)F)c1)=O
0,OC(C1)CNC1c1c(C(F)(F)F)cccc1.Cl
0,NC(Cc1nc(cccc2)c2[nH]1)=O
0,CN(C(C(O)=O)=C1N2CCCC1)C2=O
0,O=C(CCC1)NC1c1ccccc1
0,O=C(C1)NCC1C(F)(F)F
0,O=C(CC1)Nc2c1cccc2
0,C(CNC1)C11CCOCC1
0,Fc(ccc(C1OCCNC1)c1)c1Cl
0,Nc1c[nH]nc1-c1ncc[s]1
0,NCc(cc1)ccc1N(CCN1)C1=O
0,CN(C=C(C=C1)C(O)=O)C1=O
0,OCc(cc1)cc(F)c1OC(F)F
0,CC(N1c(cc2)ccc2OC)=CNC1=O
0,Cc(cccc1)c1C(NC1CCNCC1)=O
0,FC(c1c[nH]c(-c2cnccc2)n1)(F)F
0,N#CCc1nc(cccc2)c2[n]1C(F)F
0,Nc1nccc2c1CNCC2
0,COCc(cc1)ccc1C(O)=O
0,O=C(c(cc1)ccc1F)N1CCNCCC1.Cl
0,N#Cc(cc1)ccc1C(NC1CC1)=O
0,OCc1nc(cccc2)c2[n]1C(F)F
0,CCc1nc(CC(O)=O)c[s]1
0,O=C(Nc(cc1)ccc1F)N1CCNCC1.Cl
0,Cc(c(CN)c1)n[n]1-c(cc1)ccc1F.Cl
0,Nc1n[o]c(Cc(cc2)ccc2F)n1
0,C[n]1ncc(N)c1C(F)F.Cl
0,C(C1COCC1)NC1CC1
0,CC(C)c(nc1)ncc1N
0,NS(c1cnc(CCC2)c2c1)(=O)=O
0,CC1OCCCN(CCCN)C1
0,Cc1n[nH]c(N(CC2)CCC2N)c1
0,Cc(nc1C)c(C)nc1N(C)C
0,COC(CC1)CC1C(O)=O
0,C[n]1nc(C2CC2)c(C(O)=O)c1
0,c1c[s]c(-c2nnc[nH]2)n1
0,C[n]1nnc(C2)c1CCC2N
0,CC(c1nc(-c(cc2)ccc2F)n[o]1)N.Cl
0,Cc1nc(CCCC2)c2[nH]1
0,OC(c1n[n](CC(F)F)cc1)=O
0,Cc1n[n](C)cc1CCN
0,OC(C(CCN1)CC1=O)=O
0,Cc1cc(C)n[n]1CC1OCCNC1
0,Nc(cc1)ncc1OC(F)F
0,NC(c1cc2cccnc2cc1)=O
0,Cc(c(C)c1)cc2c1nc[nH]2
0,COc(cc(CO)cc1)c1F
0,Cc1cc(C)n[n]1CCOC
0,NCCC(c(cc(cc1)F)c1N1)C1=O.Cl
0,Cc1nc(CN(C2)[C@H](CN)C[C@@H]2F)c[s]1
0,OC(C1CCNCC1)c(cc1)ccc1F
0,O=C(C1CCCC1)N1CCNCCC1
0,C(C1)CC11NCCc2c1[nH]cn2
0,O=C(c(cc1)ccc1F)NC1CCNCC1
1,CC(c(cccc1)c1N1)C1=O
0,COCc1n[nH]c(N)c1-c1ccccc1
0,Cc1cccc(OCC2)c1C2O
0,NS(c(cc1)cc(CC2)c1NC2=O)(=O)=O
0,OC(Cc1cccc(C(F)F)c1)=O
0,Cc1n[n](CCC(N2)=O)c2c1
0,N#Cc1cnc(C(F)F)cc1
0,CC1N(CCOC)CCNC1
0,OC(c1c(C2CC2)cc[nH]1)=O
0,CCc1c(C(O)=O)c(C)n[o]1
0,OC(c(cccc1)c1NC(C1CC1)=O)=O
0,C[n]1nc(C2COCCC2)cc1N
0,N#CC1(CC1)c(cccc1)c1F
0,NC1C[n]2c(-c3ccccc3)nnc2CC1
0,O=C1N(c2ccccc2)N=CC=C1
0,Cc1c(CN)c(C)n[n]1C
0,CNc1nc(cccc2)c2[o]1
0,CCc1nc(C2NCCC2)n[o]1
0,CNCCC1CCOCC1
0,C1CC(c2nnc3[n]2CCCC3)NCC1
0,CC(C)(C1)OC(C)(C)C1C(O)=O
0,C[n]1c(N)nc(cc2)c1cc2F
0,OC(Cc1cc(C2CC2)ccc1)=O
0,CC(C)c1cc(C(O)=O)n[o]1
0,CC(CN1CCCCC1)N
0,CC(CC1)(C(O)=O)NC1=O
0,CC(C)C(CCC1)CC1N
0,COCCc1n[o]c(N)c1
0,CN(CCC(C1)C(O)=O)C1=O
1,Nc([nH]nc1C(F)(F)F)c1-c1ccccc1
0,OC(c1ccc[o]1)c1ncc[nH]1
0,OCc1c2[nH]ncc2ccc1
0,NS(c1cc(F)ccc1)(=O)=O
0,CN(C)Cc1cccc(CO)c1
0,N#Cc1ccc(C(F)(F)F)[nH]1
0,OC(Cc(cc1)ncc1F)=O.Cl
0,Cc1c(C(O)=O)nc(C2CC2)[o]1
1,OCc1c[n](CC(F)F)nc1
0,CCc1n[o]c(C)c1C(O)=O
0,CC(C)c1cc(C(O)=O)n[nH]1
0,OCCN(C=Nc1c2[s]cc1)C2=O
0,O=C(C1)NCCNC1c1ccccc1
0,CCOc1ccc(C2NCCC2)cc1
0,OC(C(CC1)c2c1cccc2)=O
0,NCc(cc1)ccc1C(N1CCOCC1)=O.Cl
0,Cc1cc(C)n[n]1-c1ccc(CO)cc1
0,O=C1NC=Nc2c1ccc(Cl)c2
0,N#Cc1cc(Cl)c(CO)cc1
0,CC(C1)C(C)Cc2c1[nH]cn2
0,CC(C)(c(cccc1)c1N1)C1=O
0,OCC1N(CC2NCCC2)CCC1
0,Cc1c(-c(cccc2)c2F)[o]nc1N
0,CC(CC1)CCC1(CN)OC
0,NS(c1c(C(F)(F)F)cccc1)(=O)=O
0,CC(C)Cc1n[s]c(N)n1
0,Cc1cnc(CCO)cn1
0,NC(CO)c(cccc1)c1F.Cl
0,CC(C)c1n[n](C)cc1N
0,CC(C1)(C1N)c1cccc(F)c1.Cl
0,OCC(CC1)CCNC1=O
0,CNC(c1cc(cccc2)c2[n]1C)=O
0,C1NCC1C1CCOCC1.Cl
0,CC(C)Oc1c(CO)cncc1
0,O=C1NCc2cccnc12
0,CNCc1ncc[n]1C(F)F
0,OC(c1c[o]c(C2CCC2)n1)=O
0,CN(CC1)CCC1(c1ccccc1)O
0,C1Nc2cccnc2OC1
0,C[C@@H](c(cc1)cc(F)c1-[n]1nccc1)N.Cl
0,FC(C1C2(CCOCC2)CNCC1)(F)F
0,C1CNc2ncccc2C1
0,NS(c(cc1)ncc1Cl)(=O)=O
0,N#Cc1cccc(C(F)F)c1
0,CCc1nc(C)c(C(C)NC)[s]1
0,NCc1cc(F)cc2c1OCOC2.Cl
0,O=C(C1)NCC11CCCCC1
0,Cc1n[n](C(F)F)c(C(O)=O)c1
0,OC1c2cccc(F)c2OCCC1
0,CCc1cc(Cl)cnc1N
0,OC(c1cc(C2CCCC2)n[o]1)=O
0,C[n](c1c2cncc1)nc2N
0,NC(c1c[nH]nc1-c1ccccc1)=O
0,COc(ccc(CN)c1)c1F.Cl
0,CC(c1nc(C)c[s]1)N1CCNCC1
0,CC(CCC1)C1(C)C(O)=O
0,CC(c1c2cccc1)=NNC2=O
0,NCCc1ncc[n]1C(F)F.Cl.Cl
0,NC(CC1)CCN1C1CCCCC1
0,O=C(C1)NCC11CCOCC1
0,O=C(c1cccc(F)c1)N1CCNCCC1
0,NC(CC1)C[n]2c1ncc2
0,CN(CCC1CN)C1c1ccc[s]1
0,CCC(C(C1)CNC1=O)c1ccccc1
0,COCCN(CCC1)CC1O
0,OC(c(cc(cc1)F)c1N1)C1=O
0,OC(C(C1CC1)C1CC1)=O
0,OCCc1c[nH]nc1C(F)(F)F
0,C[n]1nc(C(F)(F)F)c(S(N)(=O)=O)c1
0,O=S(C1)(Cc2c1cccc2)=O
0,OC(C[n]1ncc2c1cccc2)=O
0,OCc1cnn[n]1-c1ccccc1
0,OCC(CC1=O)CN1c1ccccc1
0,O=S(c1ccccc1)(NC1CCNCC1)=O
0,OC(Cc1c[o]c(-c2ccc[s]2)n1)=O
0,CC(c(cc(cc1)F)c1N1CCOCC1)N
0,CN(CC1)CCC1Nc(cccc1)c1OC
0,CC(C)c1n[o]cc1C(O)=O
0,CC(C)Cc1nnc(N)[o]1
0,FC(c1c[n](cccn2)c2n1)(F)F
0,Cc1c(CC(N)=O)c(C)n[n]1C
0,COc1c(C(CC2)C(O)=O)c2ccc1
0,CC(C)c1c(C(O)=O)nc[o]1
0,CCNc(cc1)cc(N2)c1NC2=O
0,OCCN(CCC1)CC1O
0,Cc1cccc2c1cc(C(O)=O)[nH]2
0,O[C@H]1c2cccc(F)c2OCC1
0,Cc1c(c(N)n[s]2)c2nc(C)c1
0,Cc([n](C)nc1C(O)=O)c1Cl
0,C(C1OCCCC1)OC1CCNCC1
0,Cc(cc1)nc(N)c1OC
0,Cc1n[n](C)c(CC(CCC2)C2N)c1
0,OC(CCC1)CN1C(c1ccccc1)=O
0,OCCC(CC1)Nc2c1cccc2
0,CC(CC1)N(C(C)=O)c2c1cccc2
0,Cc1nc(CN)c2[n]1cccc2.Cl.Cl
0,O=C1NCCCN2C1CCC2
0,NS(c1c[n](CC2CC2)nc1)(=O)=O
0,C(C[n]1ncnc1)c1ccccc1
0,Nc1cccnc1C(F)(F)F
0,CC(c(c(-[n]1nccc1)ccc1)c1F)O
0,O=C(c(cccc1)c1F)N1CCNCCC1
0,OCC(N1CCCCCC1)=O
0,OCc1cc(-c2ncccc2)ccc1
0,Nc1ccn[n]1C1CCCC1
0,Cc1ccc2[nH]cnc2c1C
0,OC(C1)CNC1c1ccc(C(F)(F)F)cc1.Cl
0,Cc(cc1)cc(C2)c1N(C)C2=O
0,CC(C)(C(NC1c2ccccc2)=O)NC1=O
0,OC(c(cc(CC(N1)=O)c1c1)c1Cl)=O
0,OC(C(c1ccccc1)N1CCCC1)=O
0,CN(C(C1)=O)N=C1C1CCCC1
0,COc(cccc1)c1C(N1CCNCC1)=O
0,Cc1nnc(C(C2)NCc3c2cccc3)[o]1
0,COc1c(C(O)=O)[s]cc1
0,OC(CC1)CCN1C(c(cccc1)c1F)=O
0,NC(Cc1n[o]c2c1cccc2)=O
0,C(CC1)CC11NCCOC1
0,O=C(c(ccc(Cl)c1)c1F)N1CCNCC1.Cl
0,CC(c1nc(C(F)(F)F)c[s]1)N
0,OC(CC1OCCc2c1cc[s]2)=O
0,O=C(CC1)NCCC1c1ccccc1
0,Cc1c[n](CC(CC2)N)c2n1
0,C[n]1nc(C(F)(F)F)c(C#N)c1
0,CC(CCCC(C)N1)C1=O
0,C[n](cc1)nc1-c1nc(C#N)c[s]1
0,Nc1nnc(CC2CC2)[o]1
0,NS(c1cc(C(F)(F)F)ccc1)(=O)=O
0,Nc1nc(-c(cccc2)c2F)c[o]1
0,NS(c1c[n](Cc2ccccc2)nc1)(=O)=O
0,C(C1NCCCC1)N1CCOCC1
0,CN(C1CCC1)c(cc1)nnc1C(N)=O
0,CC(C)C1NCCNC1=O
0,Cc1ccc(C[n]2nccc2N)[o]1
0,Cc1n[n](CCNC2)c2n1
0,CS(c(cccc1)c1F)(=O)=O
0,CCOc(cc1)c(C)nc1N
0,Cc1cccc(CCCO)n1
0,Nc1nc(cc(C(F)(F)F)cc2)c2[nH]1.Cl
0,CC(CC1)N(Cc2ccccc2)C1=O
0,CN(C)C(CCC1)CC1N
0,CC(CC1)CCC1NCC1OCCC1
0,NC(CC1)CN1c(cccc1)c1C(N)=O
0,COC1(CO)CCOCC1
0,OCc1ncc[n]1C(F)F
0,C(CNCC1)C1N1Cc2ncc[n]2CC1
0,CC(C1)Oc2c1cc(CO)cc2
0,NC(C1NCCc2c1cccc2)=O
0,C[n](c(N)c1)nc1-c(ccc(F)c1)c1F
0,NC(CC1)=NN1c1ccccc1
0,Nc1nnc(Cc(cc2)ccc2F)[s]1
0,Cc1nnc(-c2cccc(C#N)c2)[nH]1
0,OCC(C1)C11CCOCC1
0,OC(CC1OCCc2c1cccc2)=O
0,C[n](c(N)c1)nc1-c1cc(F)cc(F)c1
0,N#Cc(cc1)cc(CN(CCC2)C2=O)c1F
0,O=C(NCC1)N1c1c(C(F)(F)F)cccc1
0,NC(C(C1)CNc2c1cccc2)=O
0,CC1(COCCC1)C(O)=O
0,Nc1ccn[n]1C1CCCCC1
0,O=C1NC=Nc2c1[nH]c(C(F)(F)F)n2
0,CNc1n[nH]c(-c2ccccc2)c1
0,NC1c2cccc(F)c2CCC1.Cl
0,O=C(c1ccccc1)NC1CNCCC1
0,Cc1n[nH]c(N)c1-c(cc1)ccc1F
0,O=C1C(CCCC2)=C2NC=C1
0,C(CNCC1)CN1c1ncc[s]1
0,Cc1n[nH]cc1C1CCNCC1
0,OC(c1c(CCOC2)c2c[o]1)=O
0,O=C1NCCc2c1cc[s]2
0,C1NCC(c2ccccc2)NC1
0,Cc1n[o]c(CN2N=C(C)C=CC2=O)c1
0,O[C@H](CN(CC(F)F)C1)[C@H]1O
0,CCS(c(cccc1)c1C(O)=O)=O
0,Nc1cc(CC2CC2)n[nH]1
0,NC(c1cc(CO)ccc1)=O
0,Cc1n[n](C)cc1CCO
0,O=C(C1CCC1)N(CCC1)c2c1nccc2
0,N#CC1=CC=C(C(F)(F)F)NC1=O
1,CC1OCC(c2ccccc2)NC1
0,O=C1Nc2ncccc2CC1
0,CCN(CC1)CCC1C(C)O
0,OC(C(N1)=CC=C(C(F)(F)F)C1=O)=O
0,OCC(C1)Cc2c1cccc2
0,NC(c1nc(NCCC2)c2cc1)=O
0,CC(C)[n]1ncc(C(N)=O)c1N
0,Cc1n[n](C)c(N)c1C#N
0,OC(Cc(cccc1)c1F)=O
0,O=C1NCCC1Cc1ccccc1
0,Nc1cc(-c2cccc(F)c2)n[o]1
0,CCC(C)c1n[o]c(C(O)=O)c1
0,Cc1n[nH]c(C2CCCCC2)n1
0,OCCN1N=C(C=CC=C2)N2C1=O
0,CS(c1cc(C(N)=O)ccc1)(=O)=O
0,C[n]1nc(C(NC2CCC2)=O)c(N)c1
0,NC(CCCN1Cc2ncccc2)C1=O
0,OCC(c1cccc(F)c1)N1CCNCC1.Cl.Cl
0,O=S1c(cccc2)c2NCCC1
0,OC(c1cccnc1C(F)(F)F)=O
0,Fc1ccc(C2OCCNC2)cc1
0,OCc1nnc(C2CC2)[s]1
0,OC1(CCOCC1)c1ccccc1
0,CC1(C)OCC(C2)C12C(O)=O
0,CNc1nc(-c2ccccc2)n[o]1
0,CC1NCC[n]2c(C(NC3CC3)=O)ccc12
0,N#Cc(cc1)ccc1N1CCCC1
0,CCNCc1c[n](C)nn1
0,Cc1n[n](CC(CC2)N)c2n1
0,C[n]1nc(C(F)(F)F)nc1N
0,CC(C)Cc1nc(C#N)c(N)[o]1
0,OC(CC(CCC1)NC1=O)=O
0,CC(C1OCCN(Cc2ccccc2)C1)N
0,OC(C1(CC1)C(Nc1ccccc1)=O)=O
0,Cc1nc(N)nc2c1CCCC2
0,Cc(cc[n]1nc2)cc1c2C(O)=O
0,OCc1n[o]c(-c(cc2)ccc2F)n1
0,OC1c2ncc[n]2CCC1
0,C[n]1c(C2CNCC2)ncc1
0,Cc1n[n](CC(CN2)C(F)(F)F)c2c1
0,O=C(Cc1ccccc1)N1CCNCC1
0,CCc1ncc(C(O)=O)[s]1
0,CCC1N(CC(C)O)CCNC1
0,NC(Cc(c(F)ccc1)c1F)=O
0,CC(CC1)CC1NCCO
0,COCC(Nc(cc1)c2cc1F)=CC2=O
0,Cc(cc(CO)cc1)c1N1CCOCC1
0,CN1CC2NCCOC2CC1
0,O=C(c(c(F)ccc1)c1Cl)N1CCNCC1
0,CC(c(cc1)ncc1F)O
0,CN(c1c2cccn1)NC2=O
0,OCCNC1CCOCC1
0,CC(c(cc1)cc2c1OCC2)O
0,CC(C)C[n]1nccc1N
0,CC(c1c(C)nc(C)[s]1)O
0,Nc1nnc(Cc2cc(F)ccc2)[s]1
0,N#Cc1cccc(CN(CCC2)C2=O)c1
0,OC(CCc(cccc1)c1N1)C1=O
0,OC(C1(CC1)C(NC1CC1)=O)=O
0,O=C(CNCC1)N1C1CC1
0,OCc(cc1)cc2c1[nH]nn2
0,OC(c1cc(C(F)(F)F)cnc1)=O
0,O=C(C1CCC1)NC1CCNCC1
0,OC1(Cc(cc2)ccc2F)CCOCC1
0,Cc1ccc(cccc2C(O)=O)c2n1
0,Cc(cc1cc2)ccc1nc2C(O)=O
0,CC(C)Cc(nc1)ncc1N
0,N#Cc1c2nccc(C(F)(F)F)[n]2nc1
0,CC(C1)(C(O)=O)c(cccc2)c2N(C)C1=O
0,Nc1ncc(-c2cnccc2)[s]1
0,C(COC1)C1c1ncc[nH]1
0,OC(c1c(C2CC2)cc[o]1)=O
0,Cc1ncc(CN2CCNCC2)[s]1
0,Cc1n[n](C)cc1C(O)=O
0,Cc1c(CC(O)=O)c(C)n[nH]1
0,CC1(CC1)c1n[s]c(N)n1
0,OC(C1CCNCC1)c1ccccc1
0,CCC(C)[n]1nccc1C(O)=O
0,Cc1c(C2NCCOC2)c(C)n[n]1C
1,Cc1cnc2c(OC)cccc2c1N
0,CC1CCN(CCO)CC1
0,NC(C(CC1)c2c1cccc2)=O
0,CCC(CC1)OC1C(O)=O
0,OCCOc(cc1)cc(CC2)c1NC2=O
0,CC(c1ncc(C)[s]1)N1CCNCC1
0,COCCN(CC1)CC1N
0,COc(cc1)cc2c1[nH]nc2N
0,OC(Cc(cc1)cc(N2)c1NC2=O)=O
0,CS(Cc1c(C(O)=O)[o]c2c1cccc2)=O
0,O=C1N(Cc2cnccc2)CCN1
0,O=C1NC=NC2=C1CCCN2
0,O=C1NCCC1C1CCCCC1
0,N#Cc1cc(F)c(C[n]2ncnc2)cc1
0,Cc1c[n](CC(O)=O)nc1C(F)(F)F
0,CC(C)C[n]1c(C2NCCC2)nnc1
0,OC(Cc(cc1)cc(Cl)c1F)=O
0,Cc1ncc[n]1-c(ccnc1)c1N
0,OCCNc1nc2ccccc2cc1
0,NC(CO)c(cc1)ccc1F.Cl
0,Fc1c(CNc2ccncc2)cccc1
0,CCC(C(CC)=NNC1=O)=C1C#N
1,NCCc1nccc(C(F)(F)F)c1.Cl.Cl
0,CNCc1ccc(C(NC)=O)[o]1
0,C[n]1ncc(N)c1C(F)(F)F.Cl
0,CC(C)c1cc(O)ncn1
0,C[n]1ncc(C(NCC2CCNCC2)=O)c1
0,OCC(CC1)(CNC1=O)c1ccccc1
0,NC1C(CO)CCN(Cc2ccccc2)C1
0,NCCc(cc1)ncc1F.Cl.Cl
0,Cc1nc2ccccc2c(N)c1
0,C[n](cc1C(O)=O)nc1-c1ccc[o]1
0,C(CNC1c2cccnc2)c2c1[nH]cn2
0,Cc1ccc(C2OCCCC2CN)cc1
0,NCC(C1)COc2c1cccc2.Cl
0,Cc1c(CO)c(C)n[n]1-c1ccccc1
0,Cc1ncc(C(c2cnc[n]2C)O)cc1
0,Cc1cc(C)n[n]1C(CC1)CS1(=O)=O
0,OC(c1c[o]nc1C1CC1)=O
0,CC1(CO)CCN(C)CC1
0,Cc1n[o]c(C(F)(F)F)c1C(O)=O
0,CC(C1C)NCCS1(=O)=O
0,C[C@H]1Nc2ncn[n]2[C@@H](C)C1
0,C(C1CNCC1)N1CCOCC1
0,Cc(cc1)ccc1N(C=CN1)C1=O
1,CN(c(cccc1)c1N1)C1=O
0,COc(cc(cc1)N2CCNCC2)c1F.Cl
0,O=C(c(cc1)ccc1F)N1CCNCC1
0,C=CCOc1cnccc1
0,OC(CC1c(cccc2)c2OCC1)=O
0,Cc1nc(C(F)(F)F)n[nH]1
0,Nc1nc(-c(cccc2)c2F)n[nH]1.Cl
0,NS(C(CC1)CCC1C(F)(F)F)(=O)=O
0,C(C1)CNCC1[n]1c(cccc2)c2nc1
0,CC(C)(c1ncccn1)O
0,Nc1n[n](CCc2ccncc2)cc1
0,Fc(cccc1)c1NC1CCNCC1
0,Cc([o]c(C#N)c1)c1C(O)=O
0,COc(cc(cc1)F)c1N1CCNCC1
0,OCc1c[nH]c(Cc2ccccc2)n1
0,CN(CC1)c(ccc(F)c2)c2NC1=O
0,NC1C(Cc2ncccc2)CCC1
0,NC(CC1)c2c1ccc(F)c2.Cl
0,Cc1ccc(-c2n[n](C)cc2C(O)=O)[o]1
0,CCC(C1NCCCC1)O
0,CC(N1c(cccc2)c2F)=CNC1=O
0,CCC(C)c(nc1)ncc1N
0,Nc1c(CCCO)cn[nH]1
0,COCC(NC1)=Nc2c1cccc2.Cl
0,CC(C)C(CC1)CCNC1=O
0,CC(CC(C)(C)CN1)C1=O
0,Nc1cnc(CC2CC2)nc1
0,COc1cc2ccc(C#N)nc2cc1
0,COc1cccc2ccc(N)nc12
0,CC(c1ccncc1)[n]1nccc1N
0,O=C(CNc1ccc2)Nc1c2F
0,Cc1cc(C)n[n]1CCN1CCOCC1
0,CCOc(ccc(C#N)c1)c1F
0,FC(c1c[s]c(C2CNCCC2)n1)(F)F
0,C(COCC1)C1c1ncc[nH]1
0,CC(C)Oc1cc(CO)ccc1
0,NC(Cc(ncc(C(F)(F)F)c1)c1Cl)=O
0,CC(C)(C(C1)O)C1(C)OC
0,C[n]1nnc2c1ccnc2
0,CCOC(C1)C2(CCOCC2)C1O
0,NC(CC1=O)CN1c(cccc1)c1F.Cl
0,O=C1NCCCNC1Cc1ccccc1
0,OC(C[n]1nc(C(F)F)c2c1CCC2)=O
0,NCc1ccc(CN(CC2)CCC2O)cc1
0,NC(c1c(N)[o]nc1-c1ccccc1)=O
0,Cc1cc(C(F)(F)F)c(C(N)=O)c(N)n1
0,CC(c1ncc[n]1-c1ccccc1)N.Cl
0,NC(c(cc1)cc(N2)c1NCCC2=O)=O
0,NS(c1nc(cccc2)c2[nH]1)(=O)=O
0,Cc1c(C)nc(C)nc1O
0,CC(C)C(COC1)NC1=O
0,O=C(C1CCNCC1)NCc1ccc[s]1
0,O=C(NC1CNCC1)Nc(cc1)ccc1F
0,Cc1cccc(NC2CCNCC2)n1
0,NC(C1(CCCCC1)c1ccncc1)=O
0,OC(Cc1cc2ccccc2nc1)=O
0,OC(C1CCCCCC1)=O
0,CN(C)c(ccnc1)c1N
0,Cc1c[s]c(Cc2ncccc2)n1.Cl.Cl
0,Nc1nc(C(F)(F)F)c[o]1
0,Nc1ncc(C(F)(F)F)cn1
0,O=C1N(c(cccc2)c2F)N=CC1
0,OC(CCC1)CC1C(F)(F)F
0,Nc1cc(C(F)(F)F)n[o]1
0,CCN1C(CO)CCCC1
0,C(C1CCOCC1)N1CCNCC1
0,NC(CCC1)c2c1[n](CCO)nc2
0,CC(C)[n]1nc(C)c(C(O)=O)c1
0,O[C@]1(CCCC2)[C@@H]2CNCC1.Cl
0,OC(CN(CCc1c2cccc1)C2=O)=O
0,Cc(cc(cc1)C#N)c1C(O)=O
0,CC(C)(C(CC1)N)NC1=O
0,O=C1c(ccc(F)c2)c2OCC1
0,OC(Cc1c(C(F)(F)F)cccc1)=O
0,C[n]1nc(C(N)=O)c(N)c1
0,C[C@H](C1)NCCN1C1CCOCC1
0,OCc1cnc[n]1Cc1ccccc1
0,Oc1c(C(F)(F)F)cccn1
0,Cc(ccc(OC)c1)c1S(N)(=O)=O
0,OC(Cc1c[n](-c2ccccc2)nc1)=O
0,NCc1n[o]c(-c2cccc(F)c2)n1.Cl
0,Nc1cc(CC2CCCC2)n[o]1
0,OCCc1c[n](-c(cccc2)c2F)nn1
0,COc1ccc(C(C2)CNC2=O)cc1
0,OCCN(C(c(cccc1)c1N1)=O)C1=O
0,Cc1n[n](C2CCOCC2)c(N)c1
0,O=C(c(ccc(F)c1)c1Cl)N1CCNCC1
0,OC(C(CC1)(CNC1=O)c1ccccc1)=O
0,OCCc1ccnc2ccccc12
0,CN(C)c1cccnc1C#N
0,CNc(cccc1)c1S(C)(=O)=O
0,OC(c1ccc(C(F)F)[o]1)=O
0,FC(Oc1cc(C2OCCNC2)ccc1)F
0,OC1(CCCC1)c1ccccc1
0,OCC1(CCC2)N2CCC1
0,NCC1CC2(COCC2)OCC1.Cl
0,CCc1nnc(CO)[n]1C
0,OC(C1)CN1c1ncc(C(F)(F)F)cc1
0,OC(CCOC1)C1OCc1ccccc1
0,CC(CNC1)OC1C1CC1
0,OC(C(CC1)CC1(F)F)=O
0,CC(C)Nc1cccnc1
0,OC(CC(CC1)NC1=O)=O
0,CNCC(CC1)(c2c1cccc2)O
0,Cc1nc2cccnc2[nH]1
0,OC(c1c(C2CCC2)[nH]cc1)=O
0,Cc1c(-c2ccccc2)nc(N)nc1
0,OCc1nc(ccc(F)c2)c2[o]1
0,CCc1n[o]c(C(O)=O)c1
0,OC(c1c[o]c(C2CCCCC2)n1)=O
0,CC(c(cccc1)c1OC)NC.Cl
0,CC(C)(C1)OC(C)(C)C1O
0,CC(CCC1)CN1C(N)=O
0,CNCc(cc1)cc(F)c1OC.Cl
0,Cc1c(C#N)[n](cc[s]2)c2n1
0,CC1(C)NCC(c2cccc(F)c2)OC1
0,NC(CO)c1cccc(F)c1.Cl
0,NC(c1n[nH]c(Cc2ccccc2)n1)=O
0,OC(c(cc1)cc2c1[nH]cc2)=O
0,Fc(cccn1)c1OC1CNCCC1
0,CN(C)Cc1nc(CO)c[s]1
0,CC(C)c1c(C(O)=O)[s]cn1
0,O=C(C1CNCCC1)Nc1ncc[s]1
0,OC(c1c2NCCc2ccc1)=O
0,O=C(Cc1ccccc1)NC1CCNCC1
0,O=S(C1)(NCC1c(cc1)ccc1F)=O
0,CC[n]1nc(C(C)C)c(C(O)=O)c1
0,Cc1nc(C(N)=O)c(N)[n]1C
0,Nc1nnc(Cc2cccc(F)c2)[o]1
0,Cc1cc(S(N)(=O)=O)cc(F)c1
0,NC(CC1)CN1C(c1cccc(F)c1)=O.Cl
0,FC(C1OCCNC1)(F)F.Cl
0,OC(CC1NCCC1)c1ccccc1
0,C[n]1ncc(N(CCC2)CC2N)c1
0,O=C1NC(C(F)(F)F)=Nc2c1nc[nH]2
0,C(Cc1c2cccc1)C21OCCNC1
0,C[n](cc1)nc1N(CCC1N)C1=O
0,C[n]1nc(C(F)(F)F)cc1O
0,O=C1NCCCC1Cc1ccccc1
0,CC(Cc(cc1)c2cc1F)C2N.Cl
0,CNc1nc2ccccc2c(C#N)c1
0,COc1cc(CC(NCC2)=O)c2cc1
0,Cc1ncc[n]1CC1NCCC1
0,O=C(C1NCCC1)NCc1cnccc1
0,O=C(CNC1=O)Nc2c1[s]cc2
0,CCc1n[n](CC(CC2)N)c2n1
0,Nc1nnc(C(F)(F)F)[s]1
0,O=C1NN=C(CCC2)C2=C1
0,Cc(cc1)cc(OC)c1C#N
0,CC(C)[n]1c(ccc(C(O)=O)c2)c2nc1
0,CC(C)c1n[n](C)c(N)n1
0,OC(C(CCCC1)NC1=O)=O
0,CCc1cc(N)nc(C)n1
0,NC1CC(c2ccncc2)OCC1
0,OC(c(cc1)ccc1Cl)=O
0,NCc1c(CN(CC2)CCC2O)cccc1
0,CC(c1c(C)nc(C)[s]1)NC
0,CC(CN(C1)C2CC2)C1N
0,CN1CCC(CCN)CC1
0,CC(C)[n]1ncc(Cl)c1C(O)=O
0,Cc1nc(cc(c(OC)c2)OC)c2[s]1
0,NCC1(CF)CCOCC1.Cl
0,Cc(cc(cc1)-[n]2cncc2)c1C(O)=O
0,CC(C1)(CNC1=O)C(O)=O
0,Cc1c(C(O)=O)[o]c(CO)c1
0,OC(c1n[n](CCC2)c2c1)=O
0,COc(ccc(C(N)=O)c1)c1F
0,NS(c1cc(COC2)c2cc1)(=O)=O
0,NCC(c(ccc(Cl)c1)c1Cl)O
0,Cc1c(N)[n](C)nc1C(F)(F)F
0,CC(C(c1ccc2)N)Oc1c2F.Cl
0,Nc1nccc(CCO)c1
0,Nc1cnc(Cc(cc2)ccc2F)nc1
0,NS(c1cc(C(NC2CC2)=O)ccc1)(=O)=O
0,CC(C(C1)O)c2c1cccc2
0,NC(c1c[s]c(N)n1)=O
0,NC(CN(CCC1)C1=O)c1ccccc1
0,COC1CCN(CCN)CC1
0,Cc1nc2ccccc2c(CO)c1
0,c1cnc(-c2ccncc2)[nH]1
0,Cc([n](CCOC)nc1C)c1N
0,OC1(CCOCC1)C(F)(F)F
0,Cc1n[o]c(C2NCCC2)c1
0,NS(c1cc(C(NCC2)=O)c2cc1)(=O)=O
0,CCNCC1Oc(cccc2)c2OC1.Cl
0,Cc1nc(ccc(NC)c2)c2[s]1
0,C(C1CCNCC1)c1ccn[nH]1.Cl.Cl
0,CC(COCC1)C1C(O)=O
0,CCC1(CCNCC1)N1CCOCC1
0,Cc1cnc2NCCNc2c1
0,CCc([o]nc1)c1C(O)=O
0,NC(C(CNCC1)N1C1CC1)=O
0,Nc(nc1)n[n]1-c(cc1)ccc1F
0,FC(c1c[s]c(C2CCNCC2)n1)(F)F
0,CN(CC1)CCN1C(CCC1)C1O
0,CC(C=C1C(F)(F)F)=NNC1=O
0,CC(C)c1n[o]c(C(O)=O)c1
0,Cc1cnc(CCO)c(C)c1
0,Cc1c(C(O)=O)c(C)n[n]1C
0,O=C(C1)NCCC1C(F)(F)F
0,O=C1NCC(C2CC2)OC1
0,Cc1c[s]c(C2NCCOC2)n1
0,Nc1nnc(Cc(cc2)ccc2F)[o]1
0,Cc([o]nc12)c1C(C)=NNC2=O
0,O=C(C1)NCC2(CCOCC2)C1C(F)(F)F
0,CC(C)c1nc(C)c(C(O)=O)[o]1
0,C[n]1ncc(-c2cc(CN)ccc2)c1
0,OC1(Cc(cccc2)c2F)CCNCC1
0,FC(c1c(C2OCCNC2)cccc1)(F)F
0,C[n](cc1CO)nc1-c1ccccc1
0,CC(C12CCNCC1)=Nc1c2cccc1
0,OCC1OCCN(Cc2ccccc2)C1
0,OC(C(CC1)CCC1C(F)(F)F)=O
0,Fc1cc(Cl)c(C2OCCNC2)cc1
0,CC(C)c([nH]cc1)c1C(O)=O
0,Cc1c2[o]c(N)nc2ccc1
0,COc1ncccc1CO
0,CC[n]1ncc(N)c1C(F)(F)F.Cl
0,CC(c(cc(c(OC)c1)OC)c1F)N
0,Cc1c(C(O)=O)c(C(F)(F)F)n[nH]1
0,NC(N1CCN(Cc2ccccc2)CC1)=O
0,Cc([nH]c1ccc2)nc1c2C#N
0,O=C(C1CC1)N1CCNCCC1
0,CC1NCC[n]2c1nnc2
0,Nc(ncc(C(F)(F)F)c1)c1Cl
0,CCNc(cc1)ncc1C#N
0,CC(C)c1nc(C)c(CO)[o]1
0,OCC1CCN(CC(F)F)CC1
0,NCCOc(cc1)ccc1F.Cl
0,CC(c(cc1)ccc1-c1cncnc1)N
0,O=C(C1CNCCC1)Nc1ccccc1.Cl
0,O=C(CC1CCNCC1)NC1CCCC1
0,COCC(CCN1)CC1=O
0,OCc1cnc2c(F)cccc2c1
0,Cc(ccc(C(O)=O)c1)c1C#N
0,O=S(c(cc1)ccc1F)(N1CCNCC1)=O
0,CC(C)Cc1nc(C(O)=O)c[s]1
0,NCC1(CCO)CCCC1
0,CN(C)c(nccc1)c1C#N
0,CCC1(CO)CCNCC1
0,CC(CC(N1)=O)(C1=O)c(cc1)ccc1F
0,C(C(c1ncc[nH]1)NC1)c2c1cccc2
0,CNc(ncc(C(F)(F)F)c1)c1Cl
0,CC(c(cc1)ccc1NC(C1CC1)=O)N
0,OC(c(cccc1)c1OC1CCC1)=O
0,C[n]1c(N)nc2c1ccc(F)c2
0,C(C1)COC1C1CCNCC1
0,NC(C(CC1)CCC1O)=O
0,NCC1OCCCN(Cc2ccccc2)C1
0,OC(CN(c1c(CCC2)cccc1)C2=O)=O
0,C[n]1ncc(-c2nc(C(F)(F)F)c[nH]2)c1
0,Cc(cc(C1OCCNC1)cc1)c1F
0,O=S(C1CNCCC1)(Nc1ccccc1)=O
0,Nc1ncc[n]1Cc(cccc1)c1F.Cl
0,CC(CNc1c2cccc1)S2=O
0,Cc1nc(C(CCC2)C(O)=O)c2[s]1
0,OCC(N=C1SC=CN11)=CC1=O
0,NS(c(cccc1)c1OC(F)F)(=O)=O
0,OC(C(CC1)CNC1=O)=O
0,C[n](c(OC(F)F)c1)nc1C(N)=O
0,Fc(cc1)cnc1-c1n[nH]cc1
0,O=C1NC=CC2=C1NCCC2
0,Cc1nc(cccc2)c2[nH]1
0,OC(C(C(C1)C(F)(F)F)NC1=O)=O
0,Nc1ccn[n]1Cc(cc1)cc(F)c1Cl
0,OC(C(CC1)NC1C(F)(F)F)=O.Cl
0,CC(CC1)Cc2c1[o]nc2C(O)=O
0,N#CC(CCC1)CC1(F)F
0,OC([C@@H]1[C@@H]2[C@H]1CCCC2)=O
0,COCc(cccc1)c1C#N
0,Cc1c[n](CC(O)=O)nc1
0,COc(cc1)c(CNCC2O)c2c1OC
0,Cc1n[s]c(N)c1C(N)=O
0,C(C1)CNCC1c1nc(cccc2)c2[nH]1
0,OC(CC1CCOCC1)=O
0,CN(CC(C(O)=O)c1c2cccc1)C2=O
1,N#Cc1c[o]c(C(F)(F)F)n1
0,CC(C)(CN1)Oc2c1nccc2
0,OC(C1(CCC1)C(NC1CC1)=O)=O
0,O=C(CC1)Nc(cc2)c1cc2F
0,OCC(C1)(CNC1=O)c1ccccc1
0,Cc1cccc(NC(C2CCNCC2)=O)n1
0,FC(c1c[n](C2CCNCC2)nc1)(F)F.Cl
0,CN(CC(Nc1c2cccc1)=O)C2=O
0,OC(c1c[n](C2CC2)nc1)=O
0,OC1c2n[nH]cc2CCC1
0,Cc([s]c(C(N)=O)c1)c1N
0,CC[n]1nccc1N(CCCC1N)C1=O
0,Cc1c(CO)[n]2nc(C)[s]c2n1
0,C(C1)C1c1nc(CCNC2)c2cn1
0,CCc1n[n](C)cc1C#N
0,OC1(COCC1)C(F)(F)F
0,CC[n]1nccc1CCO
0,OCC(CNCC1)C1C(F)(F)F.Cl
0,Cc1ccc(C(CN)N2CCOCC2)[s]1
0,OC1(Cc2ccccc2)CC(CC2)NC2C1
0,O[C@@H](CCC1)[C@H]1N1CCNCC1
0,O=C(CC1)Nc2c1ccc(F)c2
0,OCC1C[n]2c(C(F)F)nnc2CC1
0,CC(c1nc(cccc2)c2[n]1C(F)F)O
0,C(CC1)CCC11NCCOC1
0,OCc1cc2cccnc2cc1
0,O=C1Nc(cc(cc2)F)c2NCC1
0,NCC1(CCOCC1)c1cccc(F)c1.Cl
0,OC1C(CCc2ccccc2)NCCC1
0,OC(c([s]cc1)c1OC(F)F)=O
0,CC(C)CC(C1)CNC1=O
0,CN(CC1)CC(c2ccccc2)N1C(N)=O
0,Cc1cc(C(c2c[s]c(C)c2)O)n[n]1C
0,CC[n](cc1)nc1C(O)=O
0,OC(C[n]1nc(cccc2)c2c1)=O
0,CCC(c1nnc2[n]1CCCCC2)N
0,Nc1cnc(CCO)cc1
0,Cc1cc(C)n[n]1CCO
0,NCc1nc(C(F)F)n[o]1.Cl
0,Cc1n[o]c(C)c1CC(O)=O
0,Cc1c[s]c(C2OCCNC2)n1
0,Cc1c(C(CC2)NC2=O)c(C)n[nH]1
0,C[n]1nc(C2CCOCC2)cc1N
0,Nc1ccn[n]1Cc(cc1)ccc1F
0,C[n]1c(-c2n[o]c(N)c2)ncc1
0,CC1CCN(CCN)CC1
0,Nc1cnc(C(F)(F)F)nc1
0,CC(c(cc1)ccc1-[n]1ncnc1)NC
0,NC(c1c(cc[nH]2)c2ccc1)=O
0,CC1(C)OC(C)(C)CNC1
0,Nc1nc(Cc2ccccc2)ncc1
0,OC(c1c(CCC2)c2c[o]1)=O
0,OC(C1(CC1)C(N1CCCC1)=O)=O
0,CC[n]1nc(C(N)=O)c(N)c1
0,CN(C)CC(CCCC1)C1O
0,OC(C1)CNC1c1cccc(F)c1.Cl
0,NCc1nnc2[n]1CCCC2C(F)(F)F
0,C[n]1ncc([C@H]2N(C)CCC[C@@H]2CN)c1
0,FC(c(cc1)n[n]1-c1ccncc1)(F)F
0,Nc1n[n](CC2COCC2)cc1
0,CC(CCC1)CN1C(CO)=O
0,CC(C)c1nnc[n]1CCN.Cl.Cl
0,CC(C)[n]1nc(CCC2)c2c1N
0,CN(c(cccc1)c1C(NC1)=O)C1=O
0,C(c1ccccc1)N1[C@H](CNC2)[C@H]2OCC1
0,NC(COc1ccc2)c1c2F.Cl
0,NS(C1CC=CCC1)(=O)=O
0,OC(Cc(cc1)ccc1F)=O
1,CC(C)c1nc(CC(CC2)C(O)=O)c2[nH]1.Cl
0,NCC1OCCN(Cc2ccccc2)C1
0,NC(CC1)CCC1N1CCCCC1
0,O=C(C1)NCC11COCC1
0,Fc1c(CNc2c[nH]nc2)cccc1
0,CCc1c(C(O)=O)[o]cn1
0,CC1(COC)OCCNC1
0,C[n]1ncc(CC(O)=O)c1
0,Cc1cc(C(O)=O)c(C)[n]1C1COCC1
0,O[C@H](C1)C[C@H]1N1CCCC1.Cl
0,CC(C)(CC(C)(C)CN1)CC1=O
0,C(C1)CNC1c(cc1)cc2c1OCCO2
0,C[n]1nccc1CC1CCNCC1
0,NS(c(cc1)cc(C2)c1NC2=O)(=O)=O
0,NC(c1c(CO)cccc1)=O
0,OC(CC1)Cc2c1[nH]nc2
0,CN(c(ccnc1)c1N1)C1=O
0,C(C1OCCC1)NC1CCCC1
0,OC(CN(c(cccc1)c1N1)C1=O)=O
0,O=C(CN1CCNCC1)Nc1ccccc1
0,Cc1cc(N)n[n]1-c(cc1)ccc1F
0,CC(CCC1)C1NCCO
0,COc(cc1)c(CC(O)=O)cc1F
0,OC(C(C1)CN(Cc2ccccc2)C1=O)=O
0,C(c1nnc[nH]1)c1ccccc1
0,Clc(cc1)cnc1OC1CNCCC1
0,COc1ncc(CO)cc1
0,CNCc1c[n](-c2ccccc2)nc1.Cl
0,OC(c1cccc(N(CCCN2)C2=O)c1)=O
0,CC(CN)c1cc(C)ccc1
0,COc1cccnc1C(F)(F)F
0,FC(c(cccc1)c1-c1nnn[nH]1)(F)F
0,CC(C)[n]1cnc(S(N)(=O)=O)c1
0,NC1=NCc2c1cccc2
0,Cc([o]c1ccc2)nc1c2C(O)=O
0,CC(CC1)(c2c1cccc2)O
0,C1CC(c2ncc[s]2)NCC1
0,CC(c1ncc(C(F)(F)F)cc1)O
0,Cc1c(C)nc2[n]1CCNC2
0,C[n]1ncc2c1CCCC2N
0,NC1CCN(CCc2ccncc2)CC1
0,C(CNC1)C1C1COCC1
0,NCCN(CC1)Cc2c1cccc2
0,OC(c1c[nH]cc1C1CC1)=O
0,NCC(c(cc1)ccc1F)N1CCOCC1
0,CC(C)N[C@@H](CCCC1)[C@H]1O
0,OC(c1c(C2CC2)[o]cn1)=O
0,CC(C)c1n[nH]c(C(F)F)n1
0,NC(CN(C=C1)c(cccc2)c2C1=O)=O
1,CC(c1cccc(-c2ccncc2)c1)NC
0,COc(cc1)ccc1C(O)=O
0,Cc1n[o]c(C)c1CCN
0,CCC(C1CCOCC1)N
0,Cc(cc[n]1ncnc11)c1N
0,COc1cc(OC)cnc1
0,OC(c1c(C2CC2)nc[o]1)=O
0,Cc1cc(C(C2CC2)O)n[n]1C
0,O=C1NCCC(Cc2ccccc2)C1
0,CCC(c(ccc(F)c1)c1F)N
0,Cc(nc(cc1)O)c1C#N
0,C[n]1ncc(CNc(cc2)ccc2F)c1
0,OC(c1ncc(CCCC2)c2c1)=O
0,O=S(c1cnccc1)(NC1CC1)=O
0,Clc1cc(C2NCCNC2)ccc1
0,NC1c(cc(cc2)F)c2SCC1.Cl
0,OC(Cc1c(-c2ccccc2)nc[s]1)=O
0,NC(N(CCC1)C1C(O)=O)=O
0,Cc1ccc(C(C2)NCCS2(=O)=O)[o]1
0,CCN1CC2OCCNC2CC1
0,CC(C)c1n[o]c([C@]2(CCC3)[C@@H]3CNC2)n1.Cl
0,Cc1cnc(C2NCCCC2)[s]1
0,OC([C@H](COCC1)[C@H]1c1ccccc1)=O
0,Cc1c[n](-c([n](C)nc2C)c2N)nc1
0,NCC1(CCOCC1)N1CCCC1
0,CC(C)c1nc(C2NCCC2)n[o]1
0,NCc1cc(OC(F)F)ncc1
0,N#Cc(cc(C(F)(F)F)cc1)c1C(O)=O
0,NCc1nccc(C(F)F)n1.Cl
0,NCC(c(cc1)ccc1Cl)O
0,NCC1(CCCCCC1)O
0,OC(C1=CC(C(F)(F)F)=CNC1=O)=O
0,CC(c(cc1)cc(N2)c1OCC2=O)N
0,Cc1ccc[n]2c1ncc2N
0,OC[C@H]1N(Cc2cccc(F)c2)CCC1
0,C[n]1ncc(C2NCCC2)c1
0,CC[n]1c(Nc2ccccc2)nnc1
0,Nc1nc(C(F)(F)F)c[s]1
0,C1Cc2cnc(C3CCNCC3)[n]2CC1
0,O=C1NCC2(CCCC2)C1
1,CC(c(cc1)ccc1-c1cccnc1)N
0,NCC(C1CCCCC1)O
0,CNc1cccc(CO)c1
0,CC(c(c(OC)ccc1)c1F)N
0,O=C(CCCC1)N1c1ccccc1
0,Cc1nccnc1CCO
0,COc1c(CO)cncc1
0,C(C1)CC1C1OCCNC1
0,CN(C)c1nccc(N)c1
0,COc1nc(CO)ccc1
0,COc(cc1)ccc1S(C)(=O)=O
0,CC(C)C1OCCCNC1
0,OC(CC1)CCC1N(CCC1)C1=O
0,CN(C)c(cc1)ncc1C#N
0,O=C1NCC(c2cccc(Cl)c2)OC1
0,O=C(CC1)NCC1C(F)(F)F
0,Cc(c(CO)ncc1)c1N
0,NC(N(CCOc1ccc2)Cc1c2F)=O
0,CC(COC)(C1)CNC1=O
0,C(CC1)CC1NC1CCNCC1
0,OCc1n[n](CCC2)c2c1
0,CC(C)(C(C1)CC2)C1NC2=O
0,Cc1c(C(CCC2)NC2=O)c(C)n[nH]1
0,OCc(cc1)ncc1OC(F)(F)F
0,Cc1c(CCN)cn[n]1C
0,C1NC(c2ccccc2)=NC1
0,Cc([o]c(CO)c1)c1C(O)=O
0,CC(C)Nc(cc1)cc(C)c1C(N)=O
0,C(c1c[nH]cn1)c1ccccc1
0,O=S(C1)(Nc2c1ccc(Cl)c2)=O
0,CC(c(cc1)ccc1F)N(CCC1N)C1=O
0,CC(c(cc1)cc(N2)c1NC2=O)N
0,NCc(cccc1)c1-[n]1cncc1
0,C[n]1ncc(O)c1C(F)(F)F
1,OCc1c[s]c2ncc[n]12
0,CC1OCCC1(C)C(O)=O
0,Fc1c(CO[C@@H]2CNCCC2)cccc1
0,C[n]1nccc1C1CCNCC1
0,OCc1c(C2CCNCC2)cccc1
0,Nc1nnc(C(F)(F)F)[nH]1
0,CC(C)C[n]1ncc(N)c1C(C)C
0,NCC(c(cccc1)c1F)O
0,CC(CNC1)OC1C(F)(F)F
0,CCOc1nc(C)ccc1
0,COc(cc1)cc2c1c(N)n[o]2
0,CC1OCCN(CCO)C1
0,CC(C)c1c(C(O)=O)nc[s]1
0,OCC(C1)OCCN1c1ccccc1
0,CC(C)(CN1)NC(C)(C)C1=O
0,Cc1cccnc1CCO
0,C1CNc2cccnc2C1
0,Cc1cccc(NC(C[n]2ncnc2)=O)c1
0,OC(CC(CCCC1)NC1=O)=O
0,O=C1NCc2c1cccc2
0,O=C(C1)NCC11CNCCC1
0,CN(CC1)CCC1(Cc(cccc1)c1Cl)O
0,Cc1cc(OC)c(C(O)=O)[s]1
0,C1NCC(c2cccnc2)NC1
0,CC(N=C(N1)OC)=CC1=O
0,FC(CC1NCCOC1)F
0,CCC(c(cccc1)c1N1)C1=O
0,O=C(c1ccncc1)N1CCNCCC1
0,O=C1NC(C2CC2)=NC2=C1CCC2
0,CC(C)c1cc(NC)n[nH]1
0,CC(c(cc(cc1)F)c1OC)N
0,CC(c1cccnc1)NC1CC1
0,COCc1nc(CN)c[s]1
0,Cc1c(CN)c(C)n[n]1Cc1ccccc1
0,OC1CC2(CCOCC2)OCC1
0,CC(C)C[n]1ncnc1CO
0,CC(C)c1nnc(CCN)[s]1
0,CC[n]1nc(C)c(N)c1C
0,O[C@H](CC1)c(cc2)c1cc2F
0,Nc1cc(C(F)(F)F)ncn1
0,COc(cc1)cc(CCCN2)c1C2=O
0,NC1CC2(COCC2)OCC1
0,OCc1c[nH]c2cccc(F)c12
0,CNC(c(cc1)ccc1-[n]1ncnc1)=O
0,OC1c(ccc(Cl)c2)c2OC1
0,CN(C(C1)=O)c2c1cccc2
0,C[C@H]1N(CCOC)CCNC1
0,C(C1)CNC1c1cccc2c1OCCO2
0,N#Cc1cc(F)c(C[n]2cnnc2)cc1
0,Clc1c(C2NCCNC2)cccc1
0,Cc1n[s]c(C)c1C(O)=O
0,CC1(C)CC(CC(O)=O)C1
0,OC(C(C1)(CNC1=O)c1ccccc1)=O
0,C[n]1nc(C2CC2)cc1N
0,O=S1(c2c[nH]cc2CC1)=O
0,C(COCC1)N1C1CCNCCC1
0,COc1c(C2NCCNC2)cccc1
0,CN(CC(C1)C(O)=O)C1=O
0,Cc(nc1C2CC2)ncc1N
0,Cc(cc1N)n[n]1-c(cccc1)c1F.Cl
0,CC(C)(C(C1)c2ccccc2)NC1=O
0,Nc(cc1)c[n]2c1nnc2C1CC1
0,CC(NC(C1)C1c1ccccc1)=O
0,Cc1cc(CO)c(C)nn1
0,NC(N(CCC1)[C@@H]1C(O)=O)=O
0,CC(CN)c1nc(cccc2)c2[n]1C(F)F.Cl.Cl
0,CC(c1n[o]c(C(F)(F)F)n1)N.Cl
0,O=C(CC1c(cccc2)c2F)NC1=O
0,OC(c1c(CCC2)[n]2nc1)=O
0,C[C@H](CN1CCOCC1)O
0,CC(c1nc(C(F)(F)F)n[o]1)N.Cl
0,Cc1nc(C)n[n]1CC1NCCCC1
0,Nc1cnc(CCCC2)c2c1
0,CC1NCC[n]2c1nnc2C1CCCC1
0,C(c1nnc2[n]1CCNC2)c1ccccc1
0,Cc1cccnc1CCN
0,COc(cc1)cc2c1OCC[C@H]2O
0,OC[C@H](C1)OCc2c1cccc2
0,N#Cc1cc(C2(CC2)C(O)=O)cc(F)c1
0,OC(C[n]1ncc(C2CC2)c1)=O
0,O[C@H](C1)C[C@H]1c1ccccc1
0,CC(C)(c1c[n](C)nn1)O
0,Cc1cc(C(CN)O)cc(C)c1
0,CNc(nccc1)c1C(N)=O
0,NCC(CC1)(c(cc2)c1cc2F)O
0,CC1(CCOCC1)C(O)=O
0,CCC(c1c(C)[n](C)nc1C)N
0,OCc1c(C(F)(F)F)cccn1
0,NCc1cccc(C[n]2cncc2)c1
0,OCc(cc1)cc2c1[o]cc2
0,CC(CC1O)[n]2c1ncc2
0,CC1NCC(C)N(CCO)C1
0,C[n](cc1N)nc1-c1ccccc1
0,NCC1N(CCO)CCCC1
0,Cc1c(C(O)=O)c(C2CC2)n[o]1
0,CC(c1cc2ccccc2nc1)O
0,CC1(c2n[o]c(N)c2)OCCC1
0,O=C1N(CCNC2)C2=NN1CC(F)F
0,CC(CC1)(CNC1=O)C(O)=O
0,Cc(cccc1)c1-c1n[n](CCO)c(N)c1
0,Cc(cc(cc1)C(O)=O)c1-[n]1nccc1
0,NS(c1cc(NCCC2)c2cc1)(=O)=O
0,C(C1OCCCC1)Oc1ccncc1
0,CC[n]1nc(C)c(C(C)N)c1
0,CC[n]1nnc(C)c1CO
0,NC(CC1CCOCC1)c1ccccc1
0,OC(C1CCCCC1)c1ncc[nH]1
0,CC(c(cc1)ccc1-[n]1cncc1)N
0,CC[n]1nc(C2CC2)c(C(O)=O)c1
0,C[n]1ncc(CO)c1C(F)F
0,NC1CN(CC(F)F)CC1
0,OCc1cc(C(F)(F)F)n[o]1
0,NCc1c(CN2CCOCC2)cccc1
0,CN(c(ccc(CO)c1)c1O1)C1=O
0,NCc(cc1F)cc(F)c1N1CCOCC1
0,CS(c1ncccc1)(=O)=O
0,NCc1cc(NC2CC2)ncc1
0,NC1c2ncn[n]2CCC1
0,CNCC(CC1)C[n]2c1ncc2
0,Cc1ncc(CNC2=O)c2c1N
0,C(CC1)CCNC1c1ccncc1
0,CNC(C1CC=CCC1)=O
0,CCc1c(N)[nH]nc1C(F)(F)F
0,O=C(CC1)NN1c1ccccc1
0,CNCc1nnc2[n]1cccc2
0,OC(Cc1cccc(F)c1)=O
0,Cc1n[n](C)c2c1NCCO2
0,CNC(CCN1c(cccc2)c2Cl)C1=O
0,CC(C[n]1ncc(C)c1)N
0,COCCc1cc(N)ncc1
0,Nc1nc(CCCC2)c2nc1
0,COCC1(CN)CCCC1
0,CC(C)(C1)NC(C)(C)CC1O
0,C(C1)C1c1nc(cccc2)c2[nH]1
0,Cc1c(CO)c(OC)nc(C)c1
0,CC1(CO)CN(C)CCC1
0,C[n]1ncc(C2NCCCC2)c1
0,CC1(CN(Cc2c[o]nc2C)CCC1)F
0,COc(c(F)cc1ncc2)cc1c2O
0,CC(C)c1nc(C)c(C(O)=O)[s]1
0,CC(C)c(nc(C)cc1)c1C(O)=O
0,COc1c(CN2CCNCC2)cccc1
0,CC(c1nc(cc(cc2)Cl)c2[n]1C)O
0,CC(C)c1nc(CNCC2)c2[n]1C
0,CCOc(c(C(O)=O)ccc1)c1F
0,C[n]1ncc(-c2c[nH]cc2C(O)=O)c1
0,Cc1cc(C(c2cnccc2)O)n[n]1C
0,CC1(CN(Cc2cnn[s]2)CCC1)F
0,Fc1cccc(Cl)c1CCc1nnn[nH]1
0,Cc1c(CNC)[s]cn1
0,CC(C)C[n]1c(N)ncc1
0,C1c2cncnc2CCNC1
0,Cc(cc(cc1)-[n]2nnc(CO)c2)c1F
0,CCNCc(cc1)cc2c1[nH]cc2
0,Cc1cccc(C(CO)N2CCNCC2)c1
0,CC[n]1ncc(CNC)c1
0,NC1CCN(Cc(cccc2)c2F)CC1
0,CC(C)[n](cc1C)nc1N
0,N[C@H](CC1)CC[C@@H]1Nc1ncccc1
0,CNCC(CCCC1)C1O
0,N[C@H](CC1)CC[C@@H]1NCc1cccnc1
0,OC(c1cc(cccc2)c2[o]1)=O
0,NCc1ncc[n]1C(F)F
0,O=C1NN=C(C(F)(F)F)C=C1
0,CCOc1ccc([C@@H](C)O)cc1
0,COc(cc1)cc2c1[nH]c(C(O)=O)c2
0,CC(C=C1N)=CN(C)C1=O
0,C(C1NCCOC1)c1ccccc1.Cl
0,CCc1n[o]c(CC2CCNCC2)n1.Cl
0,CC(CCC1)(CC1C(F)(F)F)O
0,O=C1N(Cc2ccccc2)CCCN1
0,OCC(CCCC1)C1(F)F
0,OCc1c(N2CCCC2)nccc1
0,Cc1ccnc(CCO)n1
0,Nc1ncc(C[n]2cncc2)cc1
0,OCCN(CCCCC1)C1=O
0,C(COCC1)C11NCC[n]2c1ccc2
0,NS(c1ccc(C(F)(F)F)cc1)(=O)=O
0,O=C1NN=C(C2CC2)C=C1
0,O=C(Cc(cc1)ccc1F)N1CCNCC1
0,Cc1cc(F)c(CC(O)=O)cc1F
0,C(C1CCNCC1)c1nc(C2CC2)n[o]1
0,CNC(CC(N1Cc2ccccc2)=O)C1=O
0,COc1c(CC(C2)N)c2ccc1
0,CN(C(C(C1)C(O)=O)c2ccccc2)C1=O
0,C1CC([n]2nccc2)OCC1
0,OCc1cc(ccnc2)c2[s]1
0,CN(C(Cc1ccccc1)CN1)C1=O
1,CC[n]1c(ccc(OC)c2)c2nc1CO
0,Cc1cccc(NC2=O)c1C2O
0,NCC(c1ccccc1)N1CCOCC1
0,CC(c1c[n](C)nc1C)N
0,O=S(Cc1ccccc1)(Nc1c[nH]nc1)=O
0,OC([C@@H](CCC1)NC1=O)=O
0,NCc1c[n](Cc2ccccc2)nc1
0,OCc1n[o]c2c1CCCC2
0,Cc1n[n](C)c(OC)c1N
0,NCc(cc1)cc(CO)c1F.Cl
0,COc1cc(CCNC(C2)=O)c2cc1OC
0,Cc1cccc(C(CN)N2CCOCC2)c1
0,NCc(c(N1CCCC1)ccc1)c1F
0,Cc([o]cc1)c1C(NC1CCNCC1)=O
0,NC(C(C1)CN(Cc2ccccc2)C1=O)=O
0,OCc1cnc(-c2ccccc2)[s]1
0,CCc1ncc(CNC)[s]1
0,Cc(cc1)cc2c1[nH]c(C(O)=O)c2
0,CC(C)[n]1ncc(CCC2)c1C2N
0,CC1CC(c2ccc[o]2)NCC1.OC(C(F)(F)F)=O
0,COC(C1)CNc2c1cccc2.Cl
0,O=C1N(C(F)F)C=CC=C1
0,OCCc1nnc(-c2ccccc2)[o]1
0,O=C(COC1)NC1c1ccccc1
0,CC(CN(Cc1c2cccc1)C2=O)O
0,C(c1ccccc1)NC1CNCCC1
0,C[n]1c(ccnc2)c2nc1
0,C[n]1c(C2CNCCC2)nc(C(F)(F)F)c1
0,O=C1N(Cc2ccccc2)N=CC1
0,OC(c1n[nH]c(-c(cc2)ccc2F)c1)=O
1,Cc(c1ccccc11)nnc1N
0,OC(C(CC1)CCN1C(NC1CC1)=O)=O
0,C[n]1nc(CC2CC2)cc1N
0,C[n]1nc(C(F)(F)F)c(CN)c1
0,CC(Cc1nc(cccc2)c2[s]1)O
0,CN1CCN(CCO)CC1
0,OCc1cc(CCC2)c2cc1
0,CNCc1cccc(OC)n1
0,CC[n]1ncc(Cl)c1C(O)=O
0,O=S(C1COC1)(N1CC(F)=CCC1)=O
0,COc(cc1)ncc1C#N
